Workbook

Sheet Instructions
B1: Sleep Diary Instructions
C3: This Sleep Diary will help you track your sleep, allowing you to see habits and trends that are helping you sleep or that can be improved. This diary is designed for someone with experience using spreadsheets. If you are not comfortable using spreadsheets, you should use another Sleep Diary.
C6: Tips for using the Spreadsheet Sleep Diary
C8: ="- The Sleep Diary is designed to complement The Path to Better Sleep Course." -> - The Sleep Diary is designed to complement The Path to Better Sleep Course.
C9: ="- Complete each week of the Sleep Diary as you progress through each week of the course." -> - Complete each week of the Sleep Diary as you progress through each week of the course.
C10: ="- This Sleep Diary only takes a few minutes each day to complete." -> - This Sleep Diary only takes a few minutes each day to complete.
C11: ="- Times can be approximate. Do your best; it will get easier." -> - Times can be approximate. Do your best; it will get easier.
C12: ="- Establish (or set) a time to enter your data every day." -> - Establish (or set) a time to enter your data every day.
C13: ="- All times are in military time. You must type the colon in between the hour and minutes. " -> - All times are in military time. You must type the colon in between the hour and minutes.
C14: ="- Complete every cell for each day. Skipping a cell can cause the calculations not to work correctly." -> - Complete every cell for each day. Skipping a cell can cause the calculations not to work correctly.
C15: ="- This icon ( ) indicates the cell has additional information. Hover your mouse over it for explanations about the cell." -> - This icon ( ) indicates the cell has additional information. Hover your mouse over it for explanations about the cell.
C17: How to use the Spreadsheet Sleep Diary
C19: Week 1
C20: ="- Select the Week 1 tab." -> - Select the Week 1 tab.
C21: ="- Begin entering your sleep data in Day 1." -> - Begin entering your sleep data in Day 1.
C22: ="- Return every day and complete that day in the diary." -> - Return every day and complete that day in the diary.
C23: ="- Once you have completed 5-7 days, advance to Week 2 to calculate your Sleep Prescription." -> - Once you have completed 5-7 days, advance to Week 2 to calculate your Sleep Prescription.
C25: Week 2
C26: ="- Before you begin entering Week 2 information, calculate your Sleep Prescription." -> - Before you begin entering Week 2 information, calculate your Sleep Prescription.
C27: ="- To calculate your Sleep Prescription, all you need to do is enter your Wake Time." -> - To calculate your Sleep Prescription, all you need to do is enter your Wake Time.
C28: ="-- Select a Wake Time that works for you every day of the week, including weekends. " -> -- Select a Wake Time that works for you every day of the week, including weekends.
C29: ="-- Your Wake Time should allow you enough time to wake up and meet your daily obligations — work, school, gym time, etc." -> -- Your Wake Time should allow you enough time to wake up and meet your daily obligations — work, school, gym time, etc.
C30: ="- Complete your Sleep Diary the same way you did in Week 1." -> - Complete your Sleep Diary the same way you did in Week 1.
C31: ="- Once you have completed 5-7 days, advance to Week 3 to modify your Sleep Prescription." -> - Once you have completed 5-7 days, advance to Week 3 to modify your Sleep Prescription.
C33: Weeks 3 - 6
C34: ="- Before you begin entering data each week, modify your Sleep Prescription." -> - Before you begin entering data each week, modify your Sleep Prescription.
C35: ="-- To modify your Sleep Prescription, answer the questions on the top of the page under Adjust Your Sleep Prescription. " -> -- To modify your Sleep Prescription, answer the questions on the top of the page under Adjust Your Sleep Prescription.
C36: ="-- Based on how you answer the questions and your Sleep Efficiency from the previous week your Earliest Bedtime may change." -> -- Based on how you answer the questions and your Sleep Efficiency from the previous week your Earliest Bedtime may change.
C37: ="- Once you have completed 5-7 days, you can advance to the next week." -> - Once you have completed 5-7 days, you can advance to the next week.
C40: Frequently Asked Questions
C42: Why are the calculated times are displayed as ###### ?
C43: =" - Microsoft Excel supports two different date systems. These systems are the 1900 date system and the 1904 date system. For the diary to work correctly it should be set to the 1904 date system." -> - Microsoft Excel supports two different date systems. These systems are the 1900 date system and the 1904 date system. For the diary to work correctly it should be set to the 1904 date system.
C44: ="-- To learn more about this error or to change your date system click here." -> -- To learn more about this error or to change your date system click here.

Sheet Week 1
B1: Week 1
C3: Sleep Diary Entry for Week 1 | E3: Sample | F3: Day 1 | G3: Day 2 | H3: Day 3 | I3: Day 4 | J3: Day 5 | K3: Day 6 | L3: Day 7
C4: 1. | D4: Date | E4: 40544 | F4: 39405
C5: 2. | D5: How long did you nap or doze yesterday (in minutes)? | E5: 30
C6: 3. | D6: What time did you get into bed yesterday? | E6: 0.97916667 | F6: 0.97916667
C7: 4. | D7: What time did you try to go to sleep? | E7: 0.98958333 | F7: 0.97916667
C8: 5. | D8: How long did it actually take you to fall asleep (in minutes)? | E8: 30 | F8: 2
C9: 6. | D9: How many times did you wake up during the night? | E9: 2 | F9: 5
C10: 7. | D10: In total, how long did these awakening last (in minutes)? | E10: 60
C11: 8. | D11: What time was your final awakening? | E11: 0.29166667 | F11: 0.27083333
C12: 9. | D12: When did you get out of bed to start your day? | E12: 0.33333333 | F12: 6.3
C13: 10. | D13: How much earlier did you wakeup than desired (in minutes)? | E13: 30 | F13: 0
C14: 11. | D14: How would you rate the quality of your sleep? | E14: Fair | F14: Fair
D15: Goal | E15: 0.85 | F15: 0.85 | G15: 0.85 | H15: 0.85 | I15: 0.85 | J15: 0.85 | K15: 0.85 | L15: 0.85
C16: Calculated Results
D17: Time in Bed (in Hours and Minutes h:mm) | E17: =calculations!D24 -> 0.34375 | F17: =calculations!E24 -> 5.3208333 | G17: =calculations!F24 -> 0 | H17: =calculations!G24 -> 0 | I17: =calculations!H24 -> 0 | J17: =calculations!I24 -> 0 | K17: =calculations!J24 -> 0 | L17: =calculations!K24 -> 0
D18: Total Sleep Time (in Hours and Minutes h:mm) | E18: =calculations!D25 -> 0.23958333 | F18: =calculations!E25 -> 5.2902778 | G18: =calculations!F25 -> 0 | H18: =calculations!G25 -> 0 | I18: =calculations!H25 -> 0 | J18: =calculations!I25 -> 0 | K18: =calculations!J25 -> 0 | L18: =calculations!K25 -> 0
D19: Sleep Efficiency | E19: =calculations!D26 -> 0.6969697 | F19: =calculations!E26 -> 0.99425737 | G19: =calculations!F26 | H19: =calculations!G26 | I19: =calculations!H26 | J19: =calculations!I26 | K19: =calculations!J26 | L19: =calculations!K26
C22: WEEKLY AVERAGES (Will not populate until you have at least 5 sleep diary entries)
D23: Average time napping | E23: =calculations!D30
D24: Average time you got into bed | E24: =calculations!D31
D25: Average time you tried to go to sleep | E25: =calculations!D32
D26: Average time it actually took you to fall asleep | E26: =calculations!D33
D27: Average time of your final awakening | E27: =calculations!D34
D28: Average time you got out of bed to start your day | E28: =calculations!D35
D29: Average time sleeping | E29: =calculations!D36
D30: Average sleep efficiency | E30: =calculations!D37

Sheet Week 2
B1: Week 2
C3: Calculate your Sleep Prescription*
C4: 1. Enter your Wake Time for the week (in military time h:mm). | E4: 0.16666667
C5: 2. Your Sleep Prescription will be calculated for you:
D6: Maximum Time Allowed in Bed (in Hours and Minutes h:mm). | E6: =IFERROR(calculations!T43, "*Error in calculation") -> *Error in calculation | F6: =IF(E6<=0.229166666666667,"<< Do not decrease your time in bed to under 5 ½ hours (330 Minutes). ","")
D7: Your Earliest Bedtime (in military time hh:mm) | E7: =IFERROR(calculations!S46, "*Error in calculation") -> *Error in calculation
D8: Your average Sleep Efficiency from week 1: | E8: ='Week 1'!E30
C9: *NOTE: This calculator will not work until you have at least 5 sleep diary entries in the previous week
C12: Sleep Diary Entry for Week 2 | D12: Sleep Diary Entry for Week 2 | E12: Sample | F12: Day 1 | G12: Day 2 | H12: Day 3 | I12: Day 4 | J12: Day 5 | K12: Day 6 | L12: Day 7
C13: 1. | D13: Date | E13: 41647
C14: 2. | D14: How long did you nap or doze yesterday (in minutes)? | E14: 30
C15: 3. | D15: What time did you get into bed yesterday? | E15: 0.97916667
C16: 4. | D16: What time did you try to go to sleep? | E16: 0.98958333
C17: 5. | D17: How long did it actually take you to fall asleep (in minutes)? | E17: 30
C18: 6. | D18: How many times did you wake up during the night? | E18: 2
C19: 7. | D19: In total, how long did these awakening last (in minutes)? | E19: 60
C20: 8. | D20: What time was your final awakening? | E20: 0.29166667
C21: 9. | D21: When did you get out of bed to start your day? | E21: 0.33333333
C22: 10. | D22: How long did you wakeup earlier than desired (in minutes)? | E22: 30
C23: 11. | D23: How would you rate the quality of your sleep? | E23: Fair
D24: Goal | E24: 0.85 | F24: 0.85 | G24: 0.85 | H24: 0.85 | I24: 0.85 | J24: 0.85 | K24: 0.85 | L24: 0.85
C25: Calculated Results
D26: Time in Bed | E26: =calculations!D59 -> 0.34375 | F26: =calculations!E59 -> 0 | G26: =calculations!F59 -> 0 | H26: =calculations!G59 -> 0 | I26: =calculations!H59 -> 0 | J26: =calculations!I59 -> 0 | K26: =calculations!J59 -> 0 | L26: =calculations!K59 -> 0
D27: Total Sleep Time | E27: =calculations!D60 -> 0.23958333 | F27: =calculations!E60 -> 0 | G27: =calculations!F60 -> 0 | H27: =calculations!G60 -> 0 | I27: =calculations!H60 -> 0 | J27: =calculations!I60 -> 0 | K27: =calculations!J60 -> 0 | L27: =calculations!K60 -> 0
D28: Sleep Efficiency | E28: =calculations!D61 -> 0.6969697 | F28: =calculations!E61 | G28: =calculations!F61 | H28: =calculations!G61 | I28: =calculations!H61 | J28: =calculations!I61 | K28: =calculations!J61 | L28: =calculations!K61
C31: WEEKLY AVERAGES (Will not populate until you have at least 5 sleep diary entries)
D32: Average time napping | E32: =calculations!D65
D33: Average time you got into bed | E33: =calculations!D66
D34: Average time you tried to go to sleep | E34: =calculations!D67
D35: Average time it actually took you to fall asleep | E35: =calculations!D68
D36: Average time of your final awakening | E36: =calculations!D69
D37: Average time you got out of bed to start your day | E37: =calculations!D70
D38: Average time sleeping | E38: =calculations!D71
D39: Average sleep efficiency | E39: =calculations!D72

Sheet Week 3
B1: Week 3
C3: Adjust your Sleep Prescription*
C4: 1. | D4: Answer the following questions:
D5: (1) Did you feel tired or fatigued during the day or evening? | E5: Never
D6: (2) Were you sleepy or drowsy during the day or evening? | E6: Never
D7: (3) Did you take any naps or fall asleep briefly during the day or evening? | E7: Never
D8: (4) Do you feel you have been getting an adequate amount of sleep? | E8: Never
C10: 2. | D10: Your Sleep Prescription adjustment will be calculated for you:
D11: Your average Sleep Efficiency from week 2: | E11: =IFERROR('Week 2'!E39, "*Error in calculation")
D12: Your Sleep Prescription adjustment: | E12: =calculations!S97 -> Do not change your Time in Bed
D13: Your new Maximum Time Allowed in Bed (in Hours and Minutes h:mm): | E13: =IFERROR(calculations!T104, "*Error in calculation") -> *Error in calculation | F13: =IF(E13<=0.229166666666667,"<< Do not decrease your time in bed to under 5 ½ hours (330 Minutes). ","")
D14: Your new Earliest Bedtime (in military time hh:mm): | E14: =IFERROR(calculations!S107, "*Error in calculation") -> *Error in calculation
C15: *NOTE: This calculator will not work until you have at least 5 sleep diary entries in the previous week
C18: Sleep Diary Entry for Week 3 | D18: Sleep Diary Entry for Week 3 | E18: Sample | F18: Day 1 | G18: Day 2 | H18: Day 3 | I18: Day 4 | J18: Day 5 | K18: Day 6 | L18: Day 7
C19: 1. | D19: Date | E19: 40544
C20: 2. | D20: How long did you nap or doze yesterday (in minutes)? | E20: 30
C21: 3. | D21: What time did you get into bed yesterday? | E21: 0.97916667
C22: 4. | D22: What time did you try to go to sleep? | E22: 0.98958333
C23: 5. | D23: How long did it actually take you to fall asleep (in minutes)? | E23: 30
C24: 6. | D24: How many times did you wake up during the night? | E24: 2
C25: 7. | D25: In total, how long did these awakening last (in minutes)? | E25: 60
C26: 8. | D26: What time was your final awakening? | E26: 0.29166667
C27: 9. | D27: When did you get out of bed to start your day? | E27: 0.33333333
C28: 10. | D28: How long did you wakeup earlier than desired (in minutes)? | E28: 30
C29: 11. | D29: How would you rate the quality of your sleep? | E29: Fair
D30: Goal | E30: 0.85 | F30: 0.85 | G30: 0.85 | H30: 0.85 | I30: 0.85 | J30: 0.85 | K30: 0.85 | L30: 0.85
C31: Calculated Results
D32: Time in Bed | E32: =calculations!D94 -> 0.34375 | F32: =calculations!E94 -> 0 | G32: =calculations!F94 -> 0 | H32: =calculations!G94 -> 0 | I32: =calculations!H94 -> 0 | J32: =calculations!I94 -> 0 | K32: =calculations!J94 -> 0 | L32: =calculations!K94 -> 0
D33: Total Sleep Time | E33: =calculations!D95 -> 0.23958333 | F33: =calculations!E95 -> 0 | G33: =calculations!F95 -> 0 | H33: =calculations!G95 -> 0 | I33: =calculations!H95 -> 0 | J33: =calculations!I95 -> 0 | K33: =calculations!J95 -> 0 | L33: =calculations!K95 -> 0
D34: Sleep Efficiency | E34: =calculations!D96 -> 0.6969697 | F34: =calculations!E96 | G34: =calculations!F96 | H34: =calculations!G96 | I34: =calculations!H96 | J34: =calculations!I96 | K34: =calculations!J96 | L34: =calculations!K96
C37: WEEKLY AVERAGES (Will not populate until you have at least 5 sleep diary entries)
D38: Average time napping | E38: =calculations!D100
D39: Average time you got into bed | E39: =calculations!D101
D40: Average time you tried to go to sleep | E40: =calculations!D102
D41: Average time it actually took you to fall asleep | E41: =calculations!D103
D42: Average time of your final awakening | E42: =calculations!D104
D43: Average time you got out of bed to start your day | E43: =calculations!D105
D44: Average time sleeping | E44: =calculations!D106
D45: Average sleep efficiency | E45: =calculations!D107

Sheet Week 4
B1: Week 4
C3: Adjust your Sleep Prescription* | D3: Adjust your Sleep Prescription*
C4: 1. | D4: Answer the following questions:
D5: (1) Did you feel tired or fatigued during the day or evening? | E5: Never
D6: (2) Were you sleepy or drowsy during the day or evening? | E6: Never
D7: (3) Did you take any naps or fall asleep briefly during the day or evening? | E7: Never
D8: (4) Do you feel you have been getting an adequate amount of sleep? | E8: Never
C10: 2. | D10: Your Sleep Prescription adjustment will be calculated for you:
D11: Your average Sleep Efficiency from week 3: | E11: =IFERROR('Week 3'!E45, "*Error in calculation")
D12: Your Sleep Prescription adjustment: | E12: =calculations!S133 -> Do not change your Time in Bed
D13: Your new Maximum Time Allowed in Bed (in Hours and Minutes h:mm): | E13: =IFERROR(calculations!T140, "*Error in calculation") -> *Error in calculation | F13: =IF(E13<=0.229166666666667,"<< Do not decrease your time in bed to under 5 ½ hours (330 Minutes). ","")
D14: Your new Earliest Bedtime (in military time hh:mm): | E14: =IFERROR(calculations!S143, "*Error in calculation") -> *Error in calculation
C15: *NOTE: This calculator will not work until you have at least 5 sleep diary entries in the previous week
C18: Sleep Diary Entry for Week 4 | D18: Sleep Diary Entry for Week 4 | E18: Sample | F18: Day 1 | G18: Day 2 | H18: Day 3 | I18: Day 4 | J18: Day 5 | K18: Day 6 | L18: Day 7
C19: 1. | D19: Date | E19: 40544
C20: 2. | D20: How long did you nap or doze yesterday (in minutes)? | E20: 30
C21: 3. | D21: What time did you get into bed yesterday? | E21: 0.97916667
C22: 4. | D22: What time did you try to go to sleep? | E22: 0.98958333
C23: 5. | D23: How long did it actually take you to fall asleep (in minutes)? | E23: 30
C24: 6. | D24: How many times did you wake up during the night? | E24: 2
C25: 7. | D25: In total, how long did these awakening last (in minutes)? | E25: 60
C26: 8. | D26: What time was your final awakening? | E26: 0.29166667
C27: 9. | D27: When did you get out of bed to start your day? | E27: 0.33333333
C28: 10. | D28: How long did you wakeup earlier than desired (in minutes)? | E28: 30
C29: 11. | D29: How would you rate the quality of your sleep? | E29: Fair
D30: Goal | E30: 0.85 | F30: 0.85 | G30: 0.85 | H30: 0.85 | I30: 0.85 | J30: 0.85 | K30: 0.85 | L30: 0.85
C31: Calculated Results
D32: Time in Bed | E32: =calculations!D130 -> 0.34375 | F32: =calculations!E130 -> 0 | G32: =calculations!F130 -> 0 | H32: =calculations!G130 -> 0 | I32: =calculations!H130 -> 0 | J32: =calculations!I130 -> 0 | K32: =calculations!J130 -> 0 | L32: =calculations!K130 -> 0
D33: Total Sleep Time | E33: =calculations!D131 -> 0.23958333 | F33: =calculations!E131 -> 0 | G33: =calculations!F131 -> 0 | H33: =calculations!G131 -> 0 | I33: =calculations!H131 -> 0 | J33: =calculations!I131 -> 0 | K33: =calculations!J131 -> 0 | L33: =calculations!K131 -> 0
D34: Sleep Efficiency | E34: =calculations!D132 -> 0.6969697 | F34: =calculations!E132 | G34: =calculations!F132 | H34: =calculations!G132 | I34: =calculations!H132 | J34: =calculations!I132 | K34: =calculations!J132 | L34: =calculations!K132
C37: WEEKLY AVERAGES (Will not populate until you have at least 5 sleep diary entries)
D38: Average time napping | E38: =calculations!D136
D39: Average time you got into bed | E39: =calculations!D137
D40: Average time you tried to go to sleep | E40: =calculations!D138
D41: Average time it actually took you to fall asleep | E41: =calculations!D139
D42: Average time of your final awakening | E42: =calculations!D140
D43: Average time you got out of bed to start your day | E43: =calculations!D141
D44: Average time sleeping | E44: =calculations!D142
D45: Average sleep efficiency | E45: =calculations!D143

Sheet Week 5
B1: Week 5
C3: Adjust your Sleep Prescription* | D3: Adjust your Sleep Prescription*
C4: 1. | D4: Answer the following questions:
D5: (1) Did you feel tired or fatigued during the day or evening? | E5: Never
D6: (2) Were you sleepy or drowsy during the day or evening? | E6: Never
D7: (3) Did you take any naps or fall asleep briefly during the day or evening? | E7: Never
D8: (4) Do you feel you have been getting an adequate amount of sleep? | E8: Never
C10: 2. | D10: Your Sleep Prescription adjustment will be calculated for you:
D11: Your average Sleep Efficiency from week 4: | E11: =IFERROR('Week 4'!E45, "*Error in calculation")
D12: Your Sleep Prescription adjustment: | E12: =calculations!S169 -> Do not change your Time in Bed
D13: Your new Maximum Time Allowed in Bed (in Hours and Minutes h:mm): | E13: =IFERROR(calculations!T176, "*Error in calculation") -> *Error in calculation | F13: =IF(E13<=0.229166666666667,"<< Do not decrease your time in bed to under 5 ½ hours (330 Minutes). ","")
D14: Your new Earliest Bedtime (in military time hh:mm): | E14: =IFERROR(calculations!S179, "*Error in calculation") -> *Error in calculation
C15: *NOTE: This calculator will not work until you have at least 5 sleep diary entries in the previous week
C18: Sleep Diary Entry for Week 5 | D18: Sleep Diary Entry for Week 5 | E18: Sample | F18: Day 1 | G18: Day 2 | H18: Day 3 | I18: Day 4 | J18: Day 5 | K18: Day 6 | L18: Day 7
C19: 1. | D19: Date | E19: 40544
C20: 2. | D20: How long did you nap or doze yesterday (in minutes)? | E20: 30
C21: 3. | D21: What time did you get into bed yesterday? | E21: 0.97916667
C22: 4. | D22: What time did you try to go to sleep? | E22: 0.98958333
C23: 5. | D23: How long did it actually take you to fall asleep (in minutes)? | E23: 30
C24: 6. | D24: How many times did you wake up during the night? | E24: 2
C25: 7. | D25: In total, how long did these awakening last (in minutes)? | E25: 60
C26: 8. | D26: What time was your final awakening? | E26: 0.29166667
C27: 9. | D27: When did you get out of bed to start your day? | E27: 0.33333333
C28: 10. | D28: How long did you wakeup earlier than desired (in minutes)? | E28: 30
C29: 11. | D29: How would you rate the quality of your sleep? | E29: Fair
D30: Goal | E30: 0.85 | F30: 0.85 | G30: 0.85 | H30: 0.85 | I30: 0.85 | J30: 0.85 | K30: 0.85 | L30: 0.85
C31: Calculated Results
D32: Time in Bed | E32: =calculations!D166 -> 0.34375 | F32: =calculations!E166 -> 0 | G32: =calculations!F166 -> 0 | H32: =calculations!G166 -> 0 | I32: =calculations!H166 -> 0 | J32: =calculations!I166 -> 0 | K32: =calculations!J166 -> 0 | L32: =calculations!K166 -> 0
D33: Total Sleep Time | E33: =calculations!D167 -> 0.23958333 | F33: =calculations!E167 -> 0 | G33: =calculations!F167 -> 0 | H33: =calculations!G167 -> 0 | I33: =calculations!H167 -> 0 | J33: =calculations!I167 -> 0 | K33: =calculations!J167 -> 0 | L33: =calculations!K167 -> 0
D34: Sleep Efficiency | E34: =calculations!D168 -> 0.6969697 | F34: =calculations!E168 | G34: =calculations!F168 | H34: =calculations!G168 | I34: =calculations!H168 | J34: =calculations!I168 | K34: =calculations!J168 | L34: =calculations!K168
C37: WEEKLY AVERAGES (Will not populate until you have at least 5 sleep diary entries)
D38: Average time napping | E38: =calculations!D172
D39: Average time you got into bed | E39: =calculations!D173
D40: Average time you tried to go to sleep | E40: =calculations!D174
D41: Average time it actually took you to fall asleep | E41: =calculations!D175
D42: Average time of your final awakening | E42: =calculations!D176
D43: Average time you got out of bed to start your day | E43: =calculations!D177
D44: Average time sleeping | E44: =calculations!D178
D45: Average sleep efficiency | E45: =calculations!D179

Sheet Week 6
B1: Week 6
C3: Adjust your Sleep Prescription* | D3: Adjust your Sleep Prescription*
C4: 1. | D4: Answer the following questions:
D5: (1) Did you feel tired or fatigued during the day or evening? | E5: Never
D6: (2) Were you sleepy or drowsy during the day or evening? | E6: Never
D7: (3) Did you take any naps or fall asleep briefly during the day or evening? | E7: Never
D8: (4) Do you feel you have been getting an adequate amount of sleep? | E8: Never
C10: 2. | D10: Your Sleep Prescription adjustment will be calculated for you:
D11: Your average Sleep Efficiency from week 5: | E11: =IFERROR('Week 5'!E45, "*Error in calculation")
D12: Your Sleep Prescription adjustment: | E12: =calculations!S205 -> Do not change your Time in Bed
D13: Your new Maximum Time Allowed in Bed (in Hours and Minutes h:mm): | E13: =IFERROR(calculations!T212, "*Error in calculation") -> *Error in calculation | F13: =IF(E13<=0.229166666666667,"<< Do not decrease your time in bed to under 5 ½ hours (330 Minutes). ","")
D14: Your new Earliest Bedtime (in military time hh:mm): | E14: =IFERROR(calculations!S215, "*Error in calculation") -> *Error in calculation
C15: *NOTE: This calculator will not work until you have at least 5 sleep diary entries in the previous week
D18: Sleep Diary Entry for Week 6 | E18: Sample | F18: Day 1 | G18: Day 2 | H18: Day 3 | I18: Day 4 | J18: Day 5 | K18: Day 6 | L18: Day 7
C19: 1. | D19: Date | E19: 40544
C20: 2. | D20: How long did you nap or doze yesterday (in minutes)? | E20: 30
C21: 3. | D21: What time did you get into bed yesterday? | E21: 0.97916667
C22: 4. | D22: What time did you try to go to sleep? | E22: 0.98958333
C23: 5. | D23: How long did it actually take you to fall asleep (in minutes)? | E23: 30
C24: 6. | D24: How many times did you wake up during the night? | E24: 2
C25: 7. | D25: In total, how long did these awakening last (in minutes)? | E25: 60
C26: 8. | D26: What time was your final awakening? | E26: 0.29166667
C27: 9. | D27: When did you get out of bed to start your day? | E27: 0.33333333
C28: 10. | D28: How long did you wakeup earlier than desired (in minutes)? | E28: 30
C29: 11. | D29: How would you rate the quality of your sleep? | E29: Fair
D30: Goal | E30: 0.85 | F30: 0.85 | G30: 0.85 | H30: 0.85 | I30: 0.85 | J30: 0.85 | K30: 0.85 | L30: 0.85
C31: Calculated Results
D32: Time in Bed | E32: =calculations!D202 -> 0.34375 | F32: =calculations!E202 -> 0 | G32: =calculations!F202 -> 0 | H32: =calculations!G202 -> 0 | I32: =calculations!H202 -> 0 | J32: =calculations!I202 -> 0 | K32: =calculations!J202 -> 0 | L32: =calculations!K202 -> 0
D33: Total Sleep Time | E33: =calculations!D203 -> 0.23958333 | F33: =calculations!E203 -> 0 | G33: =calculations!F203 -> 0 | H33: =calculations!G203 -> 0 | I33: =calculations!H203 -> 0 | J33: =calculations!I203 -> 0 | K33: =calculations!J203 -> 0 | L33: =calculations!K203 -> 0
D34: Sleep Efficiency | E34: =calculations!D204 -> 0.6969697 | F34: =calculations!E204 | G34: =calculations!F204 | H34: =calculations!G204 | I34: =calculations!H204 | J34: =calculations!I204 | K34: =calculations!J204 | L34: =calculations!K204
C37: WEEKLY AVERAGES (Will not populate until you have at least 5 sleep diary entries)
D38: Average time napping | E38: =calculations!D208
D39: Average time you got into bed | E39: =calculations!D209
D40: Average time you tried to go to sleep | E40: =calculations!D210
D41: Average time it actually took you to fall asleep | E41: =calculations!D211
D42: Average time of your final awakening | E42: =calculations!D212
D43: Average time you got out of bed to start your day | E43: =calculations!D213
D44: Average time sleeping | E44: =calculations!D214
D45: Average sleep efficiency | E45: =calculations!D215

Sheet calculations
B4: Week 1 | S4: Adjustment items | U4: Rate you sleep
N5: 5-days | O5: 6-days | P5: 7-days | S5: Never | U5: Very Poor
C6: ='Week 1'!C3 -> Sleep Diary Entry for Week 1 | D6: ='Week 1'!E3 -> Sample | E6: ='Week 1'!F3 -> Day 1 | F6: ='Week 1'!G3 -> Day 2 | G6: ='Week 1'!H3 -> Day 3 | H6: ='Week 1'!I3 -> Day 4 | I6: ='Week 1'!J3 -> Day 5 | J6: ='Week 1'!K3 -> Day 6 | K6: ='Week 1'!L3 -> Day 7 | L6: avg | S6: Rarely | U6: Poor
B7: ='Week 1'!C4 -> 1. | C7: ='Week 1'!D4 -> Date | D7: ='Week 1'!E4 -> 40544 | E7: ='Week 1'!F4 -> 39405 | F7: ='Week 1'!G4 -> 0 | G7: ='Week 1'!H4 -> 0 | H7: ='Week 1'!I4 -> 0 | I7: ='Week 1'!J4 -> 0 | ... K7: ='Week 1'!L4 -> 0 | M7: =SUMPRODUCT(--(LEN(E7:K7)>1)) -> 1 | N7: =IF(M7<5,"",IF(D5=5,"Medium",IF(D5="M","Medium","Large"))) | O7: =D30 | S7: Sometimes | U7: Fair
B8: ='Week 1'!C5 -> 2. | C8: ='Week 1'!D5 -> How long did you nap or doze yesterday (in minutes)? | D8: ='Week 1'!E5 -> 30 | E8: ='Week 1'!F5 -> 0 | F8: ='Week 1'!G5 -> 0 | G8: ='Week 1'!H5 -> 0 | H8: ='Week 1'!I5 -> 0 | I8: ='Week 1'!J5 -> 0 | ... K8: ='Week 1'!L5 -> 0 | L8: =SUM(E8:K8)/M7 -> 0 | N8: =SUM(E8:I8)/5 -> 0 | O8: =SUM(E8:J8)/6 -> 0 | P8: =SUM(E8:K8)/7 -> 0 | S8: Frequently | U8: Good
B9: ='Week 1'!C6 -> 3. | C9: ='Week 1'!D6 -> What time did you get into bed yesterday? | D9: ='Week 1'!E6 -> 0.97916667 | E9: ='Week 1'!F6 -> 0.97916667 | F9: ='Week 1'!G6 -> 0 | G9: ='Week 1'!H6 -> 0 | H9: ='Week 1'!I6 -> 0 | I9: ='Week 1'!J6 -> 0 | ... K9: ='Week 1'!L6 -> 0 | L9: =IFERROR(TEXT(IF(L18<0,24+L18,L18)/24,"h:mm"),"") -> 23:30 | N9: =IFERROR(TEXT(IF(N18<0,24+N18,N18)/24,"h:mm"),"") -> 23:54 | O9: =IFERROR(TEXT(IF(O18<0,24+O18,O18)/24,"h:mm"),"") -> 23:55 | P9: =IFERROR(TEXT(IF(P18<0,24+P18,P18)/24,"h:mm"),"") -> 23:55 | S9: Always | U9: Very Good
B10: ='Week 1'!C7 -> 4. | C10: ='Week 1'!D7 -> What time did you try to go to sleep? | D10: ='Week 1'!E7 -> 0.98958333 | E10: ='Week 1'!F7 -> 0.97916667 | F10: ='Week 1'!G7 -> 0 | G10: ='Week 1'!H7 -> 0 | H10: ='Week 1'!I7 -> 0 | I10: ='Week 1'!J7 -> 0 | ... K10: ='Week 1'!L7 -> 0 | L10: =IFERROR(TEXT(IF(L17<0,24+L17,L17)/24,"h:mm"),"") -> 0:00 | N10: =IFERROR(TEXT(IF(N19<0,24+N19,N19)/24,"h:mm"),"") -> 23:54 | O10: =IFERROR(TEXT(IF(O19<0,24+O19,O19)/24,"h:mm"),"") -> 23:55 | P10: =IFERROR(TEXT(IF(P19<0,24+P19,P19)/24,"h:mm"),"") -> 23:55
B11: ='Week 1'!C8 -> 5. | C11: ='Week 1'!D8 -> How long did it actually take you to fall asleep (in minutes)? | D11: ='Week 1'!E8 -> 30 | E11: ='Week 1'!F8 -> 2 | F11: ='Week 1'!G8 -> 0 | G11: ='Week 1'!H8 -> 0 | H11: ='Week 1'!I8 -> 0 | I11: ='Week 1'!J8 -> 0 | ... K11: ='Week 1'!L8 -> 0 | L11: =IFERROR(AVERAGE(E9:K9),"") -> 0.13988095 | N11: =SUM(E11:I11)/5 -> 0.4 | O11: =SUM(E11:J11)/6 -> 0.33333333 | P11: =SUM(E11:K11)/7 -> 0.28571429
B12: ='Week 1'!C9 -> 6. | C12: ='Week 1'!D9 -> How many times did you wake up during the night? | D12: ='Week 1'!E9 -> 2 | E12: ='Week 1'!F9 -> 5 | F12: ='Week 1'!G9 -> 0 | G12: ='Week 1'!H9 -> 0 | H12: ='Week 1'!I9 -> 0 | I12: ='Week 1'!J9 -> 0 | ... K12: ='Week 1'!L9 -> 0 | L12: =IFERROR(AVERAGE(E10:K10),"") -> 0.13988095 | N12: =SUM(E12:I12)/5 -> 1 | O12: =SUM(E12:J12)/6 -> 0.83333333 | P12: =SUM(E12:K12)/7 -> 0.71428571
B13: ='Week 1'!C10 -> 7. | C13: ='Week 1'!D10 -> In total, how long did these awakening last (in minutes)? | D13: ='Week 1'!E10 -> 60 | E13: ='Week 1'!F10 -> 0 | F13: ='Week 1'!G10 -> 0 | G13: ='Week 1'!H10 -> 0 | H13: ='Week 1'!I10 -> 0 | I13: ='Week 1'!J10 -> 0 | ... K13: ='Week 1'!L10 -> 0 | N13: =SUM(E13:I13)/5 -> 0 | O13: =SUM(E13:J13)/6 -> 0 | P13: =SUM(E13:K13)/7 -> 0
B14: ='Week 1'!C11 -> 8. | C14: ='Week 1'!D11 -> What time was your final awakening? | D14: ='Week 1'!E11 -> 0.29166667 | E14: ='Week 1'!F11 -> 0.27083333 | F14: ='Week 1'!G11 -> 0 | G14: ='Week 1'!H11 -> 0 | H14: ='Week 1'!I11 -> 0 | I14: ='Week 1'!J11 -> 0 | ... K14: ='Week 1'!L11 -> 0 | L14: =IFERROR(TEXT(IF(L19<0,24+L19,L19)/24,"h:mm"),"") -> 23:30 | N14: =IFERROR(TEXT(IF(N20<0,24+N20,N20)/24,"h:mm"),"") -> 1:18 | O14: =IFERROR(TEXT(IF(O20<0,24+O20,O20)/24,"h:mm"),"") -> 1:05 | P14: =IFERROR(TEXT(IF(P20<0,24+P20,P20)/24,"h:mm"),"") -> 0:55
B15: ='Week 1'!C12 -> 9. | C15: ='Week 1'!D12 -> When did you get out of bed to start your day? | D15: ='Week 1'!E12 -> 0.33333333 | E15: ='Week 1'!F12 -> 6.3 | F15: ='Week 1'!G12 -> 0 | G15: ='Week 1'!H12 -> 0 | H15: ='Week 1'!I12 -> 0 | I15: ='Week 1'!J12 -> 0 | ... K15: ='Week 1'!L12 -> 0 | L15: =IFERROR(TEXT(IF(L23<0,24+L23,L23)/24,"h:mm"),"") -> 6:58 | N15: =IFERROR(TEXT(IF(N21<0,24+N21,N21)/24,"h:mm"),"") -> 1:26 | O15: =IFERROR(TEXT(IF(O21<0,24+O21,O21)/24,"h:mm"),"") -> 1:12 | P15: =IFERROR(TEXT(IF(P21<0,24+P21,P21)/24,"h:mm"),"") -> 1:01
B16: ='Week 1'!C14 -> 11. | C16: ='Week 1'!D14 -> How would you rate the quality of your sleep? | D16: ='Week 1'!E14 -> Fair | E16: ='Week 1'!F14 -> Fair | F16: ='Week 1'!G14 -> 0 | G16: ='Week 1'!H14 -> 0 | H16: ='Week 1'!I14 -> 0 | I16: ='Week 1'!J14 -> 0 | ... K16: ='Week 1'!L14 -> 0 | N16: =SUM(E16:I16)/5 -> 0 | O16: =SUM(E16:J16)/6 -> 0 | P16: =SUM(E16:K16)/7 -> 0
D18: =IF(ISBLANK(D9),"",IF(HOUR(D9)>12,HOUR(D9)+(MINUTE(D9)/60)-24,HOUR(D9)+(MINUTE(D9)/60))) -> -0.5 | E18: =IF(ISBLANK(E9),"",IF(HOUR(E9)>12,HOUR(E9)+(MINUTE(E9)/60)-24,HOUR(E9)+(MINUTE(E9)/60))) -> -0.5 | F18: =IF(ISBLANK(F9),"",IF(HOUR(F9)>12,HOUR(F9)+(MINUTE(F9)/60)-24,HOUR(F9)+(MINUTE(F9)/60))) -> 0 | G18: =IF(ISBLANK(G9),"",IF(HOUR(G9)>12,HOUR(G9)+(MINUTE(G9)/60)-24,HOUR(G9)+(MINUTE(G9)/60))) -> 0 | H18: =IF(ISBLANK(H9),"",IF(HOUR(H9)>12,HOUR(H9)+(MINUTE(H9)/60)-24,HOUR(H9)+(MINUTE(H9)/60))) -> 0 | I18: =IF(ISBLANK(I9),"",IF(HOUR(I9)>12,HOUR(I9)+(MINUTE(I9)/60)-24,HOUR(I9)+(MINUTE(I9)/60))) -> 0 | J18: =IF(ISBLANK(J9),"",IF(HOUR(J9)>12,HOUR(J9)+(MINUTE(J9)/60)-24,HOUR(J9)+(MINUTE(J9)/60))) -> 0 | K18: =IF(ISBLANK(K9),"",IF(HOUR(K9)>12,HOUR(K9)+(MINUTE(K9)/60)-24,HOUR(K9)+(MINUTE(K9)/60))) -> 0 | L18: =SUM(E18:K18)/$M$7 -> -0.5 | N18: =SUM(E18:I18)/5 -> -0.1 | O18: =SUM(E18:J18)/6 -> -0.083333333 | P18: =SUM(E18:K18)/7 -> -0.071428571
D19: =IF(ISBLANK(D10),"",IF(HOUR(D10)>12,HOUR(D10)+(MINUTE(D10)/60)-24,HOUR(D10)+(MINUTE(D10)/60))) -> -0.25 | E19: =IF(ISBLANK(E10),"",IF(HOUR(E10)>12,HOUR(E10)+(MINUTE(E10)/60)-24,HOUR(E10)+(MINUTE(E10)/60))) -> -0.5 | F19: =IF(ISBLANK(F10),"",IF(HOUR(F10)>12,HOUR(F10)+(MINUTE(F10)/60)-24,HOUR(F10)+(MINUTE(F10)/60))) -> 0 | G19: =IF(ISBLANK(G10),"",IF(HOUR(G10)>12,HOUR(G10)+(MINUTE(G10)/60)-24,HOUR(G10)+(MINUTE(G10)/60))) -> 0 | H19: =IF(ISBLANK(H10),"",IF(HOUR(H10)>12,HOUR(H10)+(MINUTE(H10)/60)-24,HOUR(H10)+(MINUTE(H10)/60))) -> 0 | I19: =IF(ISBLANK(I10),"",IF(HOUR(I10)>12,HOUR(I10)+(MINUTE(I10)/60)-24,HOUR(I10)+(MINUTE(I10)/60))) -> 0 | J19: =IF(ISBLANK(J10),"",IF(HOUR(J10)>12,HOUR(J10)+(MINUTE(J10)/60)-24,HOUR(J10)+(MINUTE(J10)/60))) -> 0 | K19: =IF(ISBLANK(K10),"",IF(HOUR(K10)>12,HOUR(K10)+(MINUTE(K10)/60)-24,HOUR(K10)+(MINUTE(K10)/60))) -> 0 | L19: =SUM(E19:K19)/$M$7 -> -0.5 | N19: =SUM(E19:I19)/5 -> -0.1 | O19: =SUM(E19:J19)/6 -> -0.083333333 | P19: =SUM(E19:K19)/7 -> -0.071428571
D20: =IF(ISBLANK(D14),"",HOUR(D14)+(MINUTE(D14)/60)) -> 7 | E20: =IF(ISBLANK(E14),"",HOUR(E14)+(MINUTE(E14)/60)) -> 6.5 | F20: =IF(ISBLANK(F14),"",HOUR(F14)+(MINUTE(F14)/60)) -> 0 | G20: =IF(ISBLANK(G14),"",HOUR(G14)+(MINUTE(G14)/60)) -> 0 | H20: =IF(ISBLANK(H14),"",HOUR(H14)+(MINUTE(H14)/60)) -> 0 | I20: =IF(ISBLANK(I14),"",HOUR(I14)+(MINUTE(I14)/60)) -> 0 | J20: =IF(ISBLANK(J14),"",HOUR(J14)+(MINUTE(J14)/60)) -> 0 | K20: =IF(ISBLANK(K14),"",HOUR(K14)+(MINUTE(K14)/60)) -> 0 | L20: =SUM(E20:K20)/$M$7 -> 6.5 | N20: =SUM(E20:I20)/5 -> 1.3 | O20: =SUM(E20:J20)/6 -> 1.0833333 | P20: =SUM(E20:K20)/7 -> 0.92857143
D21: =IF(ISBLANK(D15),"",HOUR(D15)+(MINUTE(D15)/60)) -> 8 | E21: =IF(ISBLANK(E15),"",HOUR(E15)+(MINUTE(E15)/60)) -> 7.2 | F21: =IF(ISBLANK(F15),"",HOUR(F15)+(MINUTE(F15)/60)) -> 0 | G21: =IF(ISBLANK(G15),"",HOUR(G15)+(MINUTE(G15)/60)) -> 0 | H21: =IF(ISBLANK(H15),"",HOUR(H15)+(MINUTE(H15)/60)) -> 0 | I21: =IF(ISBLANK(I15),"",HOUR(I15)+(MINUTE(I15)/60)) -> 0 | J21: =IF(ISBLANK(J15),"",HOUR(J15)+(MINUTE(J15)/60)) -> 0 | K21: =IF(ISBLANK(K15),"",HOUR(K15)+(MINUTE(K15)/60)) -> 0 | L21: =SUM(E21:K21)/$M$7 -> 7.2 | N21: =SUM(E21:I21)/5 -> 1.44 | O21: =SUM(E21:J21)/6 -> 1.2 | P21: =SUM(E21:K21)/7 -> 1.0285714
D22: =IF(ISBLANK(D10),"", IF(ISBLANK(D15),"",24*IF(D10>D15,D15+1-D10,D15-D10))) -> 8.25 | E22: =IF(ISBLANK(E10),"", IF(ISBLANK(E15),"",24*IF(E10>E15,E15+1-E10,E15-E10))) -> 127.7 | F22: =IF(ISBLANK(F10),"", IF(ISBLANK(F15),"",24*IF(F10>F15,F15+1-F10,F15-F10))) -> 0 | G22: =IF(ISBLANK(G10),"", IF(ISBLANK(G15),"",24*IF(G10>G15,G15+1-G10,G15-G10))) -> 0 | H22: =IF(ISBLANK(H10),"", IF(ISBLANK(H15),"",24*IF(H10>H15,H15+1-H10,H15-H10))) -> 0 | I22: =IF(ISBLANK(I10),"", IF(ISBLANK(I15),"",24*IF(I10>I15,I15+1-I10,I15-I10))) -> 0 | J22: =IF(ISBLANK(J10),"", IF(ISBLANK(J15),"",24*IF(J10>J15,J15+1-J10,J15-J10))) -> 0 | K22: =IF(ISBLANK(K10),"", IF(ISBLANK(K15),"",24*IF(K10>K15,K15+1-K10,K15-K10))) -> 0 | L22: =SUM(E22:K22)/$M$7 -> 127.7
D23: =IF(ISBLANK(D24),"",(IF(ISBLANK(D11),"",IF(ISBLANK(D13),"",D22-((D11+D13)/60)-(D21-D20))))) -> 5.75 | E23: =IF(ISBLANK(E24),"",(IF(ISBLANK(E11),"",IF(ISBLANK(E13),"",E22-((E11+E13)/60)-(E21-E20))))) -> 126.96667 | F23: =IF(ISBLANK(F24),"",(IF(ISBLANK(F11),"",IF(ISBLANK(F13),"",F22-((F11+F13)/60)-(F21-F20))))) -> 0 | G23: =IF(ISBLANK(G24),"",(IF(ISBLANK(G11),"",IF(ISBLANK(G13),"",G22-((G11+G13)/60)-(G21-G20))))) -> 0 | H23: =IF(ISBLANK(H24),"",(IF(ISBLANK(H11),"",IF(ISBLANK(H13),"",H22-((H11+H13)/60)-(H21-H20))))) -> 0 | I23: =IF(ISBLANK(I24),"",(IF(ISBLANK(I11),"",IF(ISBLANK(I13),"",I22-((I11+I13)/60)-(I21-I20))))) -> 0 | J23: =IF(ISBLANK(J24),"",(IF(ISBLANK(J11),"",IF(ISBLANK(J13),"",J22-((J11+J13)/60)-(J21-J20))))) -> 0 | K23: =IF(ISBLANK(K24),"",(IF(ISBLANK(K11),"",IF(ISBLANK(K13),"",K22-((K11+K13)/60)-(K21-K20))))) -> 0 | L23: =SUM(E23:K23)/$M$7 -> 126.96667
C24: Time in Bed | D24: =IF(ISBLANK(D10),"", IF(ISBLANK(D15),"",IF(D10>D15,D15+1-D10,D15-D10))) -> 0.34375 | E24: =IF(ISBLANK(E10),"", IF(ISBLANK(E15),"",IF(E10>E15,E15+1-E10,E15-E10))) -> 5.3208333 | F24: =IF(ISBLANK(F10),"", IF(ISBLANK(F15),"",IF(F10>F15,F15+1-F10,F15-F10))) -> 0 | G24: =IF(ISBLANK(G10),"", IF(ISBLANK(G15),"",IF(G10>G15,G15+1-G10,G15-G10))) -> 0 | H24: =IF(ISBLANK(H10),"", IF(ISBLANK(H15),"",IF(H10>H15,H15+1-H10,H15-H10))) -> 0 | I24: =IF(ISBLANK(I10),"", IF(ISBLANK(I15),"",IF(I10>I15,I15+1-I10,I15-I10))) -> 0 | J24: =IF(ISBLANK(J10),"", IF(ISBLANK(J15),"",IF(J10>J15,J15+1-J10,J15-J10))) -> 0 | K24: =IF(ISBLANK(K10),"", IF(ISBLANK(K15),"",IF(K10>K15,K15+1-K10,K15-K10))) -> 0 | N24: =SUM(E24:I24)/5 -> 1.0641667 | O24: =SUM(E24:J24)/6 -> 0.88680556 | P24: =SUM(E24:K24)/7 -> 0.76011905
C25: Total Sleep Time | D25: =D23/24 -> 0.23958333 | E25: =E23/24 -> 5.2902778 | F25: =F23/24 -> 0 | G25: =G23/24 -> 0 | H25: =H23/24 -> 0 | I25: =I23/24 -> 0 | J25: =J23/24 -> 0 | K25: =K23/24 -> 0 | N25: =SUM(E25:I25)/5 -> 1.0580556 | O25: =SUM(E25:J25)/6 -> 0.88171296 | P25: =SUM(E25:K25)/7 -> 0.75575397
C26: Sleep Efficiency | D26: =IF(ISERROR(D25/D24),"",IF(ISBLANK(D25),"",D25/D24)) -> 0.6969697 | E26: =IF(ISERROR(E25/E24),"",IF(ISBLANK(E25),"",E25/E24)) -> 0.99425737 | F26: =IF(ISERROR(F25/F24),"",IF(ISBLANK(F25),"",F25/F24)) | G26: =IF(ISERROR(G25/G24),"",IF(ISBLANK(G25),"",G25/G24)) | H26: =IF(ISERROR(H25/H24),"",IF(ISBLANK(H25),"",H25/H24)) | I26: =IF(ISERROR(I25/I24),"",IF(ISBLANK(I25),"",I25/I24)) | J26: =IF(ISERROR(J25/J24),"",IF(ISBLANK(J25),"",J25/J24)) | K26: =IF(ISERROR(K25/K24),"",IF(ISBLANK(K25),"",K25/K24)) | N26: =SUM(E26:I26)/5 -> 0.19885147 | O26: =SUM(E26:J26)/6 -> 0.16570956 | P26: =SUM(E26:K26)/7 -> 0.14203677
B29: WEEKLY AVERAGES | G29: Goal | H29: 0.85
C30: Average time napping. | D30: =IF($M$7<5,"",IF($M$7=5,N8,IF($M$7=6,O8,P8)))
C31: Average time did you got into bed. | D31: =IF($M$7<5,"",IF($M$7=5,N9,IF($M$7=6,O9,P9)))
C32: Average time you tried to go to sleep. | D32: =IF($M$7<5,"",IF($M$7=5,N10,IF($M$7=6,O10,P10)))
C33: Average time it actually took you to fall asleep. | D33: =IF($M$7<5,"",IF($M$7=5,N11,IF($M$7=6,O11,P11)))
C34: Average time of your final awakening. | D34: =IF($M$7<5,"",IF($M$7=5,N14,IF($M$7=6,O14,P14)))
C35: Average time you got out of bed to start your day. | D35: =IF($M$7<5,"",IF($M$7=5,N15,IF($M$7=6,O15,P15)))
C36: Average time sleeping | D36: =IF($M$7<5,"",IF($M$7=5,N25,IF($M$7=6,O25,P25)))
C37: Average sleep efficiency | D37: =IF($M$7<5,"",IF($M$7=5,N26,IF($M$7=6,O26,P26)))
B39: Week 2
N40: 5-days | O40: 6-days | P40: 7-days
B41: ='Week 2'!C12 -> Sleep Diary Entry for Week 2 | C41: ='Week 2'!D12 -> Sleep Diary Entry for Week 2 | D41: ='Week 2'!E12 -> Sample | E41: ='Week 2'!F12 -> Day 1 | F41: ='Week 2'!G12 -> Day 2 | G41: ='Week 2'!H12 -> Day 3 | H41: ='Week 2'!I12 -> Day 4 | I41: ='Week 2'!J12 -> Day 5 | ... L41: ='Week 2'!M12 -> 0 | R41: Sleep Prescription
B42: ='Week 2'!C13 -> 1. | C42: ='Week 2'!D13 -> Date | D42: ='Week 2'!E13 -> 41647 | E42: ='Week 2'!F13 -> 0 | F42: ='Week 2'!G13 -> 0 | G42: ='Week 2'!H13 -> 0 | H42: ='Week 2'!I13 -> 0 | I42: ='Week 2'!J13 -> 0 | ... L42: ='Week 2'!M13 -> 0 | M42: =SUMPRODUCT(--(LEN(E42:K42)>1)) -> 0 | N42: =IF(M42<5,"",IF(D40=5,"Medium",IF(D40="M","Medium","Large"))) | O42: =D65 | R42: Wake Up Time> | S42: ='Week 2'!E4 -> 0.16666667
B43: ='Week 2'!C14 -> 2. | C43: ='Week 2'!D14 -> How long did you nap or doze yesterday (in minutes)? | D43: ='Week 2'!E14 -> 30 | E43: ='Week 2'!F14 -> 0 | F43: ='Week 2'!G14 -> 0 | G43: ='Week 2'!H14 -> 0 | H43: ='Week 2'!I14 -> 0 | I43: ='Week 2'!J14 -> 0 | ... L43: ='Week 2'!M14 -> 0 | N43: =SUM(E43:I43)/5 -> 0 | O43: =SUM(E43:J43)/6 -> 0 | P43: =SUM(E43:K43)/7 -> 0 | R43: TST> | S43: =D36 | T43: =IF(S43+TIME(0,30,0)<0.229166666666667,0.229166666666667,S43+TIME(0,30,0)) -> #VALUE!
B44: ='Week 2'!C15 -> 3. | C44: ='Week 2'!D15 -> What time did you get into bed yesterday? | D44: ='Week 2'!E15 -> 0.97916667 | E44: ='Week 2'!F15 -> 0 | F44: ='Week 2'!G15 -> 0 | G44: ='Week 2'!H15 -> 0 | H44: ='Week 2'!I15 -> 0 | I44: ='Week 2'!J15 -> 0 | ... L44: ='Week 2'!M15 -> 0 | N44: =IFERROR(TEXT(IF(N53<0,24+N53,N53)/24,"h:mm"),"") -> 0:00 | O44: =IFERROR(TEXT(IF(O53<0,24+O53,O53)/24,"h:mm"),"") -> 0:00 | P44: =IFERROR(TEXT(IF(P53<0,24+P53,P53)/24,"h:mm"),"") -> 0:00 | R44: EBT> | S44: =S42-T43 -> #VALUE! | T44: 1
B45: ='Week 2'!C16 -> 4. | C45: ='Week 2'!D16 -> What time did you try to go to sleep? | D45: ='Week 2'!E16 -> 0.98958333 | E45: ='Week 2'!F16 -> 0 | F45: ='Week 2'!G16 -> 0 | G45: ='Week 2'!H16 -> 0 | H45: ='Week 2'!I16 -> 0 | I45: ='Week 2'!J16 -> 0 | ... L45: ='Week 2'!M16 -> 0 | N45: =IFERROR(TEXT(IF(N54<0,24+N54,N54)/24,"h:mm"),"") -> 0:00 | O45: =IFERROR(TEXT(IF(O54<0,24+O54,O54)/24,"h:mm"),"") -> 0:00 | P45: =IFERROR(TEXT(IF(P54<0,24+P54,P54)/24,"h:mm"),"") -> 0:00 | R45: adjust> | S45: =IF((S44)<0,(S44)+T44,(S44)) -> #VALUE!
B46: ='Week 2'!C17 -> 5. | C46: ='Week 2'!D17 -> How long did it actually take you to fall asleep (in minutes)? | D46: ='Week 2'!E17 -> 30 | E46: ='Week 2'!F17 -> 0 | F46: ='Week 2'!G17 -> 0 | G46: ='Week 2'!H17 -> 0 | H46: ='Week 2'!I17 -> 0 | I46: ='Week 2'!J17 -> 0 | ... L46: ='Week 2'!M17 -> 0 | N46: =SUM(E46:I46)/5 -> 0 | O46: =SUM(E46:J46)/6 -> 0 | P46: =SUM(E46:K46)/7 -> 0 | R46: adjust2> | S46: =IF(S43>0.229166666666667,S45+TIME(0,1,0),S45) -> #VALUE!
B47: ='Week 2'!C18 -> 6. | C47: ='Week 2'!D18 -> How many times did you wake up during the night? | D47: ='Week 2'!E18 -> 2 | E47: ='Week 2'!F18 -> 0 | F47: ='Week 2'!G18 -> 0 | G47: ='Week 2'!H18 -> 0 | H47: ='Week 2'!I18 -> 0 | I47: ='Week 2'!J18 -> 0 | ... L47: ='Week 2'!M18 -> 0 | N47: =SUM(E47:I47)/5 -> 0 | O47: =SUM(E47:J47)/6 -> 0 | P47: =SUM(E47:K47)/7 -> 0
B48: ='Week 2'!C19 -> 7. | C48: ='Week 2'!D19 -> In total, how long did these awakening last (in minutes)? | D48: ='Week 2'!E19 -> 60 | E48: ='Week 2'!F19 -> 0 | F48: ='Week 2'!G19 -> 0 | G48: ='Week 2'!H19 -> 0 | H48: ='Week 2'!I19 -> 0 | I48: ='Week 2'!J19 -> 0 | ... L48: ='Week 2'!M19 -> 0 | N48: =SUM(E48:I48)/5 -> 0 | O48: =SUM(E48:J48)/6 -> 0 | P48: =SUM(E48:K48)/7 -> 0
B49: ='Week 2'!C20 -> 8. | C49: ='Week 2'!D20 -> What time was your final awakening? | D49: ='Week 2'!E20 -> 0.29166667 | E49: ='Week 2'!F20 -> 0 | F49: ='Week 2'!G20 -> 0 | G49: ='Week 2'!H20 -> 0 | H49: ='Week 2'!I20 -> 0 | I49: ='Week 2'!J20 -> 0 | ... L49: ='Week 2'!M20 -> 0 | N49: =IFERROR(TEXT(IF(N55<0,24+N55,N55)/24,"h:mm"),"") -> 0:00 | O49: =IFERROR(TEXT(IF(O55<0,24+O55,O55)/24,"h:mm"),"") -> 0:00 | P49: =IFERROR(TEXT(IF(P55<0,24+P55,P55)/24,"h:mm"),"") -> 0:00
B50: ='Week 2'!C21 -> 9. | C50: ='Week 2'!D21 -> When did you get out of bed to start your day? | D50: ='Week 2'!E21 -> 0.33333333 | E50: ='Week 2'!F21 -> 0 | F50: ='Week 2'!G21 -> 0 | G50: ='Week 2'!H21 -> 0 | H50: ='Week 2'!I21 -> 0 | I50: ='Week 2'!J21 -> 0 | ... L50: ='Week 2'!M21 -> 0 | N50: =IFERROR(TEXT(IF(N56<0,24+N56,N56)/24,"h:mm"),"") -> 0:00 | O50: =IFERROR(TEXT(IF(O56<0,24+O56,O56)/24,"h:mm"),"") -> 0:00 | P50: =IFERROR(TEXT(IF(P56<0,24+P56,P56)/24,"h:mm"),"") -> 0:00
B51: ='Week 2'!C23 -> 11. | C51: ='Week 2'!D23 -> How would you rate the quality of your sleep? | D51: ='Week 2'!E23 -> Fair | E51: ='Week 2'!F23 -> 0 | F51: ='Week 2'!G23 -> 0 | G51: ='Week 2'!H23 -> 0 | H51: ='Week 2'!I23 -> 0 | I51: ='Week 2'!J23 -> 0 | ... L51: ='Week 2'!M23 -> 0 | N51: =SUM(E51:I51)/5 -> 0 | O51: =SUM(E51:J51)/6 -> 0 | P51: =SUM(E51:K51)/7 -> 0
D53: =IF(ISBLANK(D44),"",IF(HOUR(D44)>12,HOUR(D44)+(MINUTE(D44)/60)-24,HOUR(D44)+(MINUTE(D44)/60))) -> -0.5 | E53: =IF(ISBLANK(E44),"",IF(HOUR(E44)>12,HOUR(E44)+(MINUTE(E44)/60)-24,HOUR(E44)+(MINUTE(E44)/60))) -> 0 | F53: =IF(ISBLANK(F44),"",IF(HOUR(F44)>12,HOUR(F44)+(MINUTE(F44)/60)-24,HOUR(F44)+(MINUTE(F44)/60))) -> 0 | G53: =IF(ISBLANK(G44),"",IF(HOUR(G44)>12,HOUR(G44)+(MINUTE(G44)/60)-24,HOUR(G44)+(MINUTE(G44)/60))) -> 0 | H53: =IF(ISBLANK(H44),"",IF(HOUR(H44)>12,HOUR(H44)+(MINUTE(H44)/60)-24,HOUR(H44)+(MINUTE(H44)/60))) -> 0 | I53: =IF(ISBLANK(I44),"",IF(HOUR(I44)>12,HOUR(I44)+(MINUTE(I44)/60)-24,HOUR(I44)+(MINUTE(I44)/60))) -> 0 | J53: =IF(ISBLANK(J44),"",IF(HOUR(J44)>12,HOUR(J44)+(MINUTE(J44)/60)-24,HOUR(J44)+(MINUTE(J44)/60))) -> 0 | K53: =IF(ISBLANK(K44),"",IF(HOUR(K44)>12,HOUR(K44)+(MINUTE(K44)/60)-24,HOUR(K44)+(MINUTE(K44)/60))) -> 0 | L53: =SUM(E53:K53)/$M$7 -> 0 | N53: =SUM(E53:I53)/5 -> 0 | O53: =SUM(E53:J53)/6 -> 0 | P53: =SUM(E53:K53)/7 -> 0
D54: =IF(ISBLANK(D45),"",IF(HOUR(D45)>12,HOUR(D45)+(MINUTE(D45)/60)-24,HOUR(D45)+(MINUTE(D45)/60))) -> -0.25 | E54: =IF(ISBLANK(E45),"",IF(HOUR(E45)>12,HOUR(E45)+(MINUTE(E45)/60)-24,HOUR(E45)+(MINUTE(E45)/60))) -> 0 | F54: =IF(ISBLANK(F45),"",IF(HOUR(F45)>12,HOUR(F45)+(MINUTE(F45)/60)-24,HOUR(F45)+(MINUTE(F45)/60))) -> 0 | G54: =IF(ISBLANK(G45),"",IF(HOUR(G45)>12,HOUR(G45)+(MINUTE(G45)/60)-24,HOUR(G45)+(MINUTE(G45)/60))) -> 0 | H54: =IF(ISBLANK(H45),"",IF(HOUR(H45)>12,HOUR(H45)+(MINUTE(H45)/60)-24,HOUR(H45)+(MINUTE(H45)/60))) -> 0 | I54: =IF(ISBLANK(I45),"",IF(HOUR(I45)>12,HOUR(I45)+(MINUTE(I45)/60)-24,HOUR(I45)+(MINUTE(I45)/60))) -> 0 | J54: =IF(ISBLANK(J45),"",IF(HOUR(J45)>12,HOUR(J45)+(MINUTE(J45)/60)-24,HOUR(J45)+(MINUTE(J45)/60))) -> 0 | K54: =IF(ISBLANK(K45),"",IF(HOUR(K45)>12,HOUR(K45)+(MINUTE(K45)/60)-24,HOUR(K45)+(MINUTE(K45)/60))) -> 0 | L54: =SUM(E54:K54)/$M$7 -> 0 | N54: =SUM(E54:I54)/5 -> 0 | O54: =SUM(E54:J54)/6 -> 0 | P54: =SUM(E54:K54)/7 -> 0
D55: =IF(ISBLANK(D49),"",HOUR(D49)+(MINUTE(D49)/60)) -> 7 | E55: =IF(ISBLANK(E49),"",HOUR(E49)+(MINUTE(E49)/60)) -> 0 | F55: =IF(ISBLANK(F49),"",HOUR(F49)+(MINUTE(F49)/60)) -> 0 | G55: =IF(ISBLANK(G49),"",HOUR(G49)+(MINUTE(G49)/60)) -> 0 | H55: =IF(ISBLANK(H49),"",HOUR(H49)+(MINUTE(H49)/60)) -> 0 | I55: =IF(ISBLANK(I49),"",HOUR(I49)+(MINUTE(I49)/60)) -> 0 | J55: =IF(ISBLANK(J49),"",HOUR(J49)+(MINUTE(J49)/60)) -> 0 | K55: =IF(ISBLANK(K49),"",HOUR(K49)+(MINUTE(K49)/60)) -> 0 | L55: =SUM(E55:K55)/$M$7 -> 0 | N55: =SUM(E55:I55)/5 -> 0 | O55: =SUM(E55:J55)/6 -> 0 | P55: =SUM(E55:K55)/7 -> 0
D56: =IF(ISBLANK(D50),"",HOUR(D50)+(MINUTE(D50)/60)) -> 8 | E56: =IF(ISBLANK(E50),"",HOUR(E50)+(MINUTE(E50)/60)) -> 0 | F56: =IF(ISBLANK(F50),"",HOUR(F50)+(MINUTE(F50)/60)) -> 0 | G56: =IF(ISBLANK(G50),"",HOUR(G50)+(MINUTE(G50)/60)) -> 0 | H56: =IF(ISBLANK(H50),"",HOUR(H50)+(MINUTE(H50)/60)) -> 0 | I56: =IF(ISBLANK(I50),"",HOUR(I50)+(MINUTE(I50)/60)) -> 0 | J56: =IF(ISBLANK(J50),"",HOUR(J50)+(MINUTE(J50)/60)) -> 0 | K56: =IF(ISBLANK(K50),"",HOUR(K50)+(MINUTE(K50)/60)) -> 0 | L56: =SUM(E56:K56)/$M$7 -> 0 | N56: =SUM(E56:I56)/5 -> 0 | O56: =SUM(E56:J56)/6 -> 0 | P56: =SUM(E56:K56)/7 -> 0
D57: =IF(ISBLANK(D45),"", IF(ISBLANK(D50),"",24*IF(D45>D50,D50+1-D45,D50-D45))) -> 8.25 | E57: =IF(ISBLANK(E45),"", IF(ISBLANK(E50),"",24*IF(E45>E50,E50+1-E45,E50-E45))) -> 0 | F57: =IF(ISBLANK(F45),"", IF(ISBLANK(F50),"",24*IF(F45>F50,F50+1-F45,F50-F45))) -> 0 | G57: =IF(ISBLANK(G45),"", IF(ISBLANK(G50),"",24*IF(G45>G50,G50+1-G45,G50-G45))) -> 0 | H57: =IF(ISBLANK(H45),"", IF(ISBLANK(H50),"",24*IF(H45>H50,H50+1-H45,H50-H45))) -> 0 | I57: =IF(ISBLANK(I45),"", IF(ISBLANK(I50),"",24*IF(I45>I50,I50+1-I45,I50-I45))) -> 0 | J57: =IF(ISBLANK(J45),"", IF(ISBLANK(J50),"",24*IF(J45>J50,J50+1-J45,J50-J45))) -> 0 | K57: =IF(ISBLANK(K45),"", IF(ISBLANK(K50),"",24*IF(K45>K50,K50+1-K45,K50-K45))) -> 0 | L57: =SUM(E57:K57)/$M$7 -> 0
D58: =IF(ISBLANK(D59),"",(IF(ISBLANK(D46),"",IF(ISBLANK(D48),"",D57-((D46+D48)/60)-(D56-D55))))) -> 5.75 | E58: =IF(ISBLANK(E59),"",(IF(ISBLANK(E46),"",IF(ISBLANK(E48),"",E57-((E46+E48)/60)-(E56-E55))))) -> 0 | F58: =IF(ISBLANK(F59),"",(IF(ISBLANK(F46),"",IF(ISBLANK(F48),"",F57-((F46+F48)/60)-(F56-F55))))) -> 0 | G58: =IF(ISBLANK(G59),"",(IF(ISBLANK(G46),"",IF(ISBLANK(G48),"",G57-((G46+G48)/60)-(G56-G55))))) -> 0 | H58: =IF(ISBLANK(H59),"",(IF(ISBLANK(H46),"",IF(ISBLANK(H48),"",H57-((H46+H48)/60)-(H56-H55))))) -> 0 | I58: =IF(ISBLANK(I59),"",(IF(ISBLANK(I46),"",IF(ISBLANK(I48),"",I57-((I46+I48)/60)-(I56-I55))))) -> 0 | J58: =IF(ISBLANK(J59),"",(IF(ISBLANK(J46),"",IF(ISBLANK(J48),"",J57-((J46+J48)/60)-(J56-J55))))) -> 0 | K58: =IF(ISBLANK(K59),"",(IF(ISBLANK(K46),"",IF(ISBLANK(K48),"",K57-((K46+K48)/60)-(K56-K55))))) -> 0 | L58: =SUM(E58:K58)/$M$7 -> 0
C59: Time in Bed | D59: =IF(ISBLANK(D45),"", IF(ISBLANK(D50),"",IF(D45>D50,D50+1-D45,D50-D45))) -> 0.34375 | E59: =IF(ISBLANK(E45),"", IF(ISBLANK(E50),"",IF(E45>E50,E50+1-E45,E50-E45))) -> 0 | F59: =IF(ISBLANK(F45),"", IF(ISBLANK(F50),"",IF(F45>F50,F50+1-F45,F50-F45))) -> 0 | G59: =IF(ISBLANK(G45),"", IF(ISBLANK(G50),"",IF(G45>G50,G50+1-G45,G50-G45))) -> 0 | H59: =IF(ISBLANK(H45),"", IF(ISBLANK(H50),"",IF(H45>H50,H50+1-H45,H50-H45))) -> 0 | I59: =IF(ISBLANK(I45),"", IF(ISBLANK(I50),"",IF(I45>I50,I50+1-I45,I50-I45))) -> 0 | J59: =IF(ISBLANK(J45),"", IF(ISBLANK(J50),"",IF(J45>J50,J50+1-J45,J50-J45))) -> 0 | K59: =IF(ISBLANK(K45),"", IF(ISBLANK(K50),"",IF(K45>K50,K50+1-K45,K50-K45))) -> 0 | N59: =SUM(E59:I59)/5 -> 0 | O59: =SUM(E59:J59)/6 -> 0 | P59: =SUM(E59:K59)/7 -> 0
C60: Total Sleep Time | D60: =D58/24 -> 0.23958333 | E60: =E58/24 -> 0 | F60: =F58/24 -> 0 | G60: =G58/24 -> 0 | H60: =H58/24 -> 0 | I60: =I58/24 -> 0 | J60: =J58/24 -> 0 | K60: =K58/24 -> 0 | N60: =SUM(E60:I60)/5 -> 0 | O60: =SUM(E60:J60)/6 -> 0 | P60: =SUM(E60:K60)/7 -> 0
C61: Sleep Efficiency | D61: =IF(ISERROR(D60/D59),"",IF(ISBLANK(D60),"",D60/D59)) -> 0.6969697 | E61: =IF(ISERROR(E60/E59),"",IF(ISBLANK(E60),"",E60/E59)) | F61: =IF(ISERROR(F60/F59),"",IF(ISBLANK(F60),"",F60/F59)) | G61: =IF(ISERROR(G60/G59),"",IF(ISBLANK(G60),"",G60/G59)) | H61: =IF(ISERROR(H60/H59),"",IF(ISBLANK(H60),"",H60/H59)) | I61: =IF(ISERROR(I60/I59),"",IF(ISBLANK(I60),"",I60/I59)) | J61: =IF(ISERROR(J60/J59),"",IF(ISBLANK(J60),"",J60/J59)) | K61: =IF(ISERROR(K60/K59),"",IF(ISBLANK(K60),"",K60/K59)) | N61: =SUM(E61:I61)/5 -> 0 | O61: =SUM(E61:J61)/6 -> 0 | P61: =SUM(E61:K61)/7 -> 0
B64: WEEKLY AVERAGES | G64: Goal | H64: 0.85
C65: Average time napping. | D65: =IF(M42<5,"",IF(M42=5,N43,IF(M42=6,O43,P43)))
C66: Average time did you got into bed. | D66: =IF(M42<5,"",IF(M42=5,N44,IF(M42=6,O44,P44)))
C67: Average time you tried to go to sleep. | D67: =IF(M42<5,"",IF(M42=5,N45,IF(M42=6,O45,P45)))
C68: Average time it actually took you to fall asleep. | D68: =IF(M42<5,"",IF(M42=5,N46,IF(M42=6,O46,P46)))
C69: Average time of your final awakening. | D69: =IF(M42<5,"",IF(M42=5,N49,IF(M42=6,O49,P49)))
C70: Average time you got out of bed to start your day. | D70: =IF(M42<5,"",IF(M42=5,N50,IF(M42=6,O50,P50)))
C71: Average time sleeping | D71: =IF(M42<5,"",IF(M42=5,N60,IF(M42=6,O60,P60)))
C72: Average sleep efficiency | D72: =IF(M42<5,"",IF(M42=5,N61,IF(M42=6,O61,P61)))
B74: Week 3
N75: 5-days | O75: 6-days | P75: 7-days
B76: ='Week 3'!C18 -> Sleep Diary Entry for Week 3 | C76: ='Week 3'!D18 -> Sleep Diary Entry for Week 3 | D76: ='Week 3'!E18 -> Sample | E76: ='Week 3'!F18 -> Day 1 | F76: ='Week 3'!G18 -> Day 2 | G76: ='Week 3'!H18 -> Day 3 | H76: ='Week 3'!I18 -> Day 4 | I76: ='Week 3'!J18 -> Day 5 | ... L76: ='Week 3'!M18 -> 0 | R76: Week 3 Adjustment
B77: ='Week 3'!C19 -> 1. | C77: ='Week 3'!D19 -> Date | D77: ='Week 3'!E19 -> 40544 | E77: ='Week 3'!F19 -> 0 | F77: ='Week 3'!G19 -> 0 | G77: ='Week 3'!H19 -> 0 | H77: ='Week 3'!I19 -> 0 | I77: ='Week 3'!J19 -> 0 | ... L77: ='Week 3'!M19 -> 0 | M77: =SUMPRODUCT(--(LEN(E77:K77)>1)) -> 0 | N77: =IF(M77<5,"",IF(D75=5,"Medium",IF(D75="M","Medium","Large"))) | O77: =D100 | R77: =IF('Week 3'!E5="Never",1,IF('Week 3'!E5="Rarely ",2,IF('Week 3'!E5="Sometimes ",3,IF('Week 3'!E5="Frequently ",4,IF('Week 3'!E5="Never",5,IF('Week 3'!E5="Always",5)))))) -> 1
B78: ='Week 3'!C20 -> 2. | C78: ='Week 3'!D20 -> How long did you nap or doze yesterday (in minutes)? | D78: ='Week 3'!E20 -> 30 | E78: ='Week 3'!F20 -> 0 | F78: ='Week 3'!G20 -> 0 | G78: ='Week 3'!H20 -> 0 | H78: ='Week 3'!I20 -> 0 | I78: ='Week 3'!J20 -> 0 | ... L78: ='Week 3'!M20 -> 0 | N78: =SUM(E78:I78)/5 -> 0 | O78: =SUM(E78:J78)/6 -> 0 | P78: =SUM(E78:K78)/7 -> 0 | R78: =IF('Week 3'!E6="Never",1,IF('Week 3'!E6="Rarely ",2,IF('Week 3'!E6="Sometimes ",3,IF('Week 3'!E6="Frequently ",4,IF('Week 3'!E6="Never",5,IF('Week 3'!E6="Always",5)))))) -> 1
B79: ='Week 3'!C21 -> 3. | C79: ='Week 3'!D21 -> What time did you get into bed yesterday? | D79: ='Week 3'!E21 -> 0.97916667 | E79: ='Week 3'!F21 -> 0 | F79: ='Week 3'!G21 -> 0 | G79: ='Week 3'!H21 -> 0 | H79: ='Week 3'!I21 -> 0 | I79: ='Week 3'!J21 -> 0 | ... L79: ='Week 3'!M21 -> 0 | N79: =IFERROR(TEXT(IF(N88<0,24+N88,N88)/24,"h:mm"),"") -> 0:00 | O79: =IFERROR(TEXT(IF(O88<0,24+O88,O88)/24,"h:mm"),"") -> 0:00 | P79: =IFERROR(TEXT(IF(P88<0,24+P88,P88)/24,"h:mm"),"") -> 0:00 | R79: =IF('Week 3'!E7="Never",1,IF('Week 3'!E7="Rarely ",2,IF('Week 3'!E7="Sometimes ",3,IF('Week 3'!E7="Frequently ",4,IF('Week 3'!E7="Never",5,IF('Week 3'!E7="Always",5)))))) -> 1
B80: ='Week 3'!C22 -> 4. | C80: ='Week 3'!D22 -> What time did you try to go to sleep? | D80: ='Week 3'!E22 -> 0.98958333 | E80: ='Week 3'!F22 -> 0 | F80: ='Week 3'!G22 -> 0 | G80: ='Week 3'!H22 -> 0 | H80: ='Week 3'!I22 -> 0 | I80: ='Week 3'!J22 -> 0 | ... L80: ='Week 3'!M22 -> 0 | N80: =IFERROR(TEXT(IF(N89<0,24+N89,N89)/24,"h:mm"),"") -> 0:00 | O80: =IFERROR(TEXT(IF(O89<0,24+O89,O89)/24,"h:mm"),"") -> 0:00 | P80: =IFERROR(TEXT(IF(P89<0,24+P89,P89)/24,"h:mm"),"") -> 0:00 | R80: =IF('Week 3'!E8="Never",1,IF('Week 3'!E8="Rarely ",2,IF('Week 3'!E8="Sometimes ",3,IF('Week 3'!E8="Frequently ",4,IF('Week 3'!E8="Never",5,IF('Week 3'!E8="Always",5)))))) -> 1
B81: ='Week 3'!C23 -> 5. | C81: ='Week 3'!D23 -> How long did it actually take you to fall asleep (in minutes)? | D81: ='Week 3'!E23 -> 30 | E81: ='Week 3'!F23 -> 0 | F81: ='Week 3'!G23 -> 0 | G81: ='Week 3'!H23 -> 0 | H81: ='Week 3'!I23 -> 0 | I81: ='Week 3'!J23 -> 0 | ... L81: ='Week 3'!M23 -> 0 | N81: =SUM(E81:I81)/5 -> 0 | O81: =SUM(E81:J81)/6 -> 0 | P81: =SUM(E81:K81)/7 -> 0 | R81: =SUM(R77:R80) -> 4 | S81: <<total
B82: ='Week 3'!C24 -> 6. | C82: ='Week 3'!D24 -> How many times did you wake up during the night? | D82: ='Week 3'!E24 -> 2 | E82: ='Week 3'!F24 -> 0 | F82: ='Week 3'!G24 -> 0 | G82: ='Week 3'!H24 -> 0 | H82: ='Week 3'!I24 -> 0 | I82: ='Week 3'!J24 -> 0 | ... L82: ='Week 3'!M24 -> 0 | N82: =SUM(E82:I82)/5 -> 0 | O82: =SUM(E82:J82)/6 -> 0 | P82: =SUM(E82:K82)/7 -> 0 | R82: ='Week 3'!E11 | S82: <<average SE
B83: ='Week 3'!C25 -> 7. | C83: ='Week 3'!D25 -> In total, how long did these awakening last (in minutes)? | D83: ='Week 3'!E25 -> 60 | E83: ='Week 3'!F25 -> 0 | F83: ='Week 3'!G25 -> 0 | G83: ='Week 3'!H25 -> 0 | H83: ='Week 3'!I25 -> 0 | I83: ='Week 3'!J25 -> 0 | ... L83: ='Week 3'!M25 -> 0 | N83: =SUM(E83:I83)/5 -> 0 | O83: =SUM(E83:J83)/6 -> 0 | P83: =SUM(E83:K83)/7 -> 0
B84: ='Week 3'!C26 -> 8. | C84: ='Week 3'!D26 -> What time was your final awakening? | D84: ='Week 3'!E26 -> 0.29166667 | E84: ='Week 3'!F26 -> 0 | F84: ='Week 3'!G26 -> 0 | G84: ='Week 3'!H26 -> 0 | H84: ='Week 3'!I26 -> 0 | I84: ='Week 3'!J26 -> 0 | ... L84: ='Week 3'!M26 -> 0 | N84: =IFERROR(TEXT(IF(N90<0,24+N90,N90)/24,"h:mm"),"") -> 0:00 | O84: =IFERROR(TEXT(IF(O90<0,24+O90,O90)/24,"h:mm"),"") -> 0:00 | P84: =IFERROR(TEXT(IF(P90<0,24+P90,P90)/24,"h:mm"),"") -> 0:00
B85: ='Week 3'!C27 -> 9. | C85: ='Week 3'!D27 -> When did you get out of bed to start your day? | D85: ='Week 3'!E27 -> 0.33333333 | E85: ='Week 3'!F27 -> 0 | F85: ='Week 3'!G27 -> 0 | G85: ='Week 3'!H27 -> 0 | H85: ='Week 3'!I27 -> 0 | I85: ='Week 3'!J27 -> 0 | ... L85: ='Week 3'!M27 -> 0 | N85: =IFERROR(TEXT(IF(N91<0,24+N91,N91)/24,"h:mm"),"") -> 0:00 | O85: =IFERROR(TEXT(IF(O91<0,24+O91,O91)/24,"h:mm"),"") -> 0:00 | P85: =IFERROR(TEXT(IF(P91<0,24+P91,P91)/24,"h:mm"),"") -> 0:00
B86: ='Week 3'!C29 -> 11. | C86: ='Week 3'!D29 -> How would you rate the quality of your sleep? | D86: ='Week 3'!E29 -> Fair | E86: ='Week 3'!F29 -> 0 | F86: ='Week 3'!G29 -> 0 | G86: ='Week 3'!H29 -> 0 | H86: ='Week 3'!I29 -> 0 | I86: ='Week 3'!J29 -> 0 | ... L86: ='Week 3'!M29 -> 0 | N86: =SUM(E86:I86)/5 -> 0 | O86: =SUM(E86:J86)/6 -> 0 | P86: =SUM(E86:K86)/7 -> 0 | S86: =IF(AND($R$82>=0.85,$R$81>=13),"True","False") -> False | T86: 30 | U86: Increase Time in Bed by 30 minutes
S87: =IF(AND($R$82>=0.85,$R$81>=10),"True","False") -> False | T87: 15 | U87: Increase Time in Bed by 15 minutes
D88: =IF(ISBLANK(D79),"",IF(HOUR(D79)>12,HOUR(D79)+(MINUTE(D79)/60)-24,HOUR(D79)+(MINUTE(D79)/60))) -> -0.5 | E88: =IF(ISBLANK(E79),"",IF(HOUR(E79)>12,HOUR(E79)+(MINUTE(E79)/60)-24,HOUR(E79)+(MINUTE(E79)/60))) -> 0 | F88: =IF(ISBLANK(F79),"",IF(HOUR(F79)>12,HOUR(F79)+(MINUTE(F79)/60)-24,HOUR(F79)+(MINUTE(F79)/60))) -> 0 | G88: =IF(ISBLANK(G79),"",IF(HOUR(G79)>12,HOUR(G79)+(MINUTE(G79)/60)-24,HOUR(G79)+(MINUTE(G79)/60))) -> 0 | H88: =IF(ISBLANK(H79),"",IF(HOUR(H79)>12,HOUR(H79)+(MINUTE(H79)/60)-24,HOUR(H79)+(MINUTE(H79)/60))) -> 0 | I88: =IF(ISBLANK(I79),"",IF(HOUR(I79)>12,HOUR(I79)+(MINUTE(I79)/60)-24,HOUR(I79)+(MINUTE(I79)/60))) -> 0 | J88: =IF(ISBLANK(J79),"",IF(HOUR(J79)>12,HOUR(J79)+(MINUTE(J79)/60)-24,HOUR(J79)+(MINUTE(J79)/60))) -> 0 | K88: =IF(ISBLANK(K79),"",IF(HOUR(K79)>12,HOUR(K79)+(MINUTE(K79)/60)-24,HOUR(K79)+(MINUTE(K79)/60))) -> 0 | L88: =SUM(E88:K88)/$M$7 -> 0 | N88: =SUM(E88:I88)/5 -> 0 | O88: =SUM(E88:J88)/6 -> 0 | P88: =SUM(E88:K88)/7 -> 0 | S88: =IF(AND($R$82>=0.85,$R$81<=9),"True","False") -> True | T88: 0 | U88: Do not change your Time in Bed
D89: =IF(ISBLANK(D80),"",IF(HOUR(D80)>12,HOUR(D80)+(MINUTE(D80)/60)-24,HOUR(D80)+(MINUTE(D80)/60))) -> -0.25 | E89: =IF(ISBLANK(E80),"",IF(HOUR(E80)>12,HOUR(E80)+(MINUTE(E80)/60)-24,HOUR(E80)+(MINUTE(E80)/60))) -> 0 | F89: =IF(ISBLANK(F80),"",IF(HOUR(F80)>12,HOUR(F80)+(MINUTE(F80)/60)-24,HOUR(F80)+(MINUTE(F80)/60))) -> 0 | G89: =IF(ISBLANK(G80),"",IF(HOUR(G80)>12,HOUR(G80)+(MINUTE(G80)/60)-24,HOUR(G80)+(MINUTE(G80)/60))) -> 0 | H89: =IF(ISBLANK(H80),"",IF(HOUR(H80)>12,HOUR(H80)+(MINUTE(H80)/60)-24,HOUR(H80)+(MINUTE(H80)/60))) -> 0 | I89: =IF(ISBLANK(I80),"",IF(HOUR(I80)>12,HOUR(I80)+(MINUTE(I80)/60)-24,HOUR(I80)+(MINUTE(I80)/60))) -> 0 | J89: =IF(ISBLANK(J80),"",IF(HOUR(J80)>12,HOUR(J80)+(MINUTE(J80)/60)-24,HOUR(J80)+(MINUTE(J80)/60))) -> 0 | K89: =IF(ISBLANK(K80),"",IF(HOUR(K80)>12,HOUR(K80)+(MINUTE(K80)/60)-24,HOUR(K80)+(MINUTE(K80)/60))) -> 0 | L89: =SUM(E89:K89)/$M$7 -> 0 | N89: =SUM(E89:I89)/5 -> 0 | O89: =SUM(E89:J89)/6 -> 0 | P89: =SUM(E89:K89)/7 -> 0 | S89: =IF(AND($R$82>=0.8,$R$81>1),"True","False") -> True | T89: 0 | U89: Do not change your Time in Bed
D90: =IF(ISBLANK(D84),"",HOUR(D84)+(MINUTE(D84)/60)) -> 7 | E90: =IF(ISBLANK(E84),"",HOUR(E84)+(MINUTE(E84)/60)) -> 0 | F90: =IF(ISBLANK(F84),"",HOUR(F84)+(MINUTE(F84)/60)) -> 0 | G90: =IF(ISBLANK(G84),"",HOUR(G84)+(MINUTE(G84)/60)) -> 0 | H90: =IF(ISBLANK(H84),"",HOUR(H84)+(MINUTE(H84)/60)) -> 0 | I90: =IF(ISBLANK(I84),"",HOUR(I84)+(MINUTE(I84)/60)) -> 0 | J90: =IF(ISBLANK(J84),"",HOUR(J84)+(MINUTE(J84)/60)) -> 0 | K90: =IF(ISBLANK(K84),"",HOUR(K84)+(MINUTE(K84)/60)) -> 0 | L90: =SUM(E90:K90)/$M$7 -> 0 | N90: =SUM(E90:I90)/5 -> 0 | O90: =SUM(E90:J90)/6 -> 0 | P90: =SUM(E90:K90)/7 -> 0 | S90: =IF(AND($R$82<0.8,$R$81>9),"True","False") -> False | T90: 0 | U90: Do not change your Time in Bed
D91: =IF(ISBLANK(D85),"",HOUR(D85)+(MINUTE(D85)/60)) -> 8 | E91: =IF(ISBLANK(E85),"",HOUR(E85)+(MINUTE(E85)/60)) -> 0 | F91: =IF(ISBLANK(F85),"",HOUR(F85)+(MINUTE(F85)/60)) -> 0 | G91: =IF(ISBLANK(G85),"",HOUR(G85)+(MINUTE(G85)/60)) -> 0 | H91: =IF(ISBLANK(H85),"",HOUR(H85)+(MINUTE(H85)/60)) -> 0 | I91: =IF(ISBLANK(I85),"",HOUR(I85)+(MINUTE(I85)/60)) -> 0 | J91: =IF(ISBLANK(J85),"",HOUR(J85)+(MINUTE(J85)/60)) -> 0 | K91: =IF(ISBLANK(K85),"",HOUR(K85)+(MINUTE(K85)/60)) -> 0 | L91: =SUM(E91:K91)/$M$7 -> 0 | N91: =SUM(E91:I91)/5 -> 0 | O91: =SUM(E91:J91)/6 -> 0 | P91: =SUM(E91:K91)/7 -> 0 | S91: =IF(AND($R$82<0.8,$R$81<=9),"True","False") -> False | T91: -15 | U91: Decrease Time in Bed by 15 minutes
D92: =IF(ISBLANK(D80),"", IF(ISBLANK(D85),"",24*IF(D80>D85,D85+1-D80,D85-D80))) -> 8.25 | E92: =IF(ISBLANK(E80),"", IF(ISBLANK(E85),"",24*IF(E80>E85,E85+1-E80,E85-E80))) -> 0 | F92: =IF(ISBLANK(F80),"", IF(ISBLANK(F85),"",24*IF(F80>F85,F85+1-F80,F85-F80))) -> 0 | G92: =IF(ISBLANK(G80),"", IF(ISBLANK(G85),"",24*IF(G80>G85,G85+1-G80,G85-G80))) -> 0 | H92: =IF(ISBLANK(H80),"", IF(ISBLANK(H85),"",24*IF(H80>H85,H85+1-H80,H85-H80))) -> 0 | I92: =IF(ISBLANK(I80),"", IF(ISBLANK(I85),"",24*IF(I80>I85,I85+1-I80,I85-I80))) -> 0 | J92: =IF(ISBLANK(J80),"", IF(ISBLANK(J85),"",24*IF(J80>J85,J85+1-J80,J85-J80))) -> 0 | K92: =IF(ISBLANK(K80),"", IF(ISBLANK(K85),"",24*IF(K80>K85,K85+1-K80,K85-K80))) -> 0 | L92: =SUM(E92:K92)/$M$7 -> 0
D93: =IF(ISBLANK(D94),"",(IF(ISBLANK(D81),"",IF(ISBLANK(D83),"",D92-((D81+D83)/60)-(D91-D90))))) -> 5.75 | E93: =IF(ISBLANK(E94),"",(IF(ISBLANK(E81),"",IF(ISBLANK(E83),"",E92-((E81+E83)/60)-(E91-E90))))) -> 0 | F93: =IF(ISBLANK(F94),"",(IF(ISBLANK(F81),"",IF(ISBLANK(F83),"",F92-((F81+F83)/60)-(F91-F90))))) -> 0 | G93: =IF(ISBLANK(G94),"",(IF(ISBLANK(G81),"",IF(ISBLANK(G83),"",G92-((G81+G83)/60)-(G91-G90))))) -> 0 | H93: =IF(ISBLANK(H94),"",(IF(ISBLANK(H81),"",IF(ISBLANK(H83),"",H92-((H81+H83)/60)-(H91-H90))))) -> 0 | I93: =IF(ISBLANK(I94),"",(IF(ISBLANK(I81),"",IF(ISBLANK(I83),"",I92-((I81+I83)/60)-(I91-I90))))) -> 0 | J93: =IF(ISBLANK(J94),"",(IF(ISBLANK(J81),"",IF(ISBLANK(J83),"",J92-((J81+J83)/60)-(J91-J90))))) -> 0 | K93: =IF(ISBLANK(K94),"",(IF(ISBLANK(K81),"",IF(ISBLANK(K83),"",K92-((K81+K83)/60)-(K91-K90))))) -> 0 | L93: =SUM(E93:K93)/$M$7 -> 0
C94: Time in Bed | D94: =IF(ISBLANK(D80),"", IF(ISBLANK(D85),"",IF(D80>D85,D85+1-D80,D85-D80))) -> 0.34375 | E94: =IF(ISBLANK(E80),"", IF(ISBLANK(E85),"",IF(E80>E85,E85+1-E80,E85-E80))) -> 0 | F94: =IF(ISBLANK(F80),"", IF(ISBLANK(F85),"",IF(F80>F85,F85+1-F80,F85-F80))) -> 0 | G94: =IF(ISBLANK(G80),"", IF(ISBLANK(G85),"",IF(G80>G85,G85+1-G80,G85-G80))) -> 0 | H94: =IF(ISBLANK(H80),"", IF(ISBLANK(H85),"",IF(H80>H85,H85+1-H80,H85-H80))) -> 0 | I94: =IF(ISBLANK(I80),"", IF(ISBLANK(I85),"",IF(I80>I85,I85+1-I80,I85-I80))) -> 0 | J94: =IF(ISBLANK(J80),"", IF(ISBLANK(J85),"",IF(J80>J85,J85+1-J80,J85-J80))) -> 0 | K94: =IF(ISBLANK(K80),"", IF(ISBLANK(K85),"",IF(K80>K85,K85+1-K80,K85-K80))) -> 0 | N94: =SUM(E94:I94)/5 -> 0 | O94: =SUM(E94:J94)/6 -> 0 | P94: =SUM(E94:K94)/7 -> 0 | S94: =ISNUMBER(MATCH("true",S86:S91,0)) -> TRUE
C95: Total Sleep Time | D95: =D93/24 -> 0.23958333 | E95: =E93/24 -> 0 | F95: =F93/24 -> 0 | G95: =G93/24 -> 0 | H95: =H93/24 -> 0 | I95: =I93/24 -> 0 | J95: =J93/24 -> 0 | K95: =K93/24 -> 0 | N95: =SUM(E95:I95)/5 -> 0 | O95: =SUM(E95:J95)/6 -> 0 | P95: =SUM(E95:K95)/7 -> 0 | S95: =MATCH("true",S86:S91,0) -> 3
C96: Sleep Efficiency | D96: =IF(ISERROR(D95/D94),"",IF(ISBLANK(D95),"",D95/D94)) -> 0.6969697 | E96: =IF(ISERROR(E95/E94),"",IF(ISBLANK(E95),"",E95/E94)) | F96: =IF(ISERROR(F95/F94),"",IF(ISBLANK(F95),"",F95/F94)) | G96: =IF(ISERROR(G95/G94),"",IF(ISBLANK(G95),"",G95/G94)) | H96: =IF(ISERROR(H95/H94),"",IF(ISBLANK(H95),"",H95/H94)) | I96: =IF(ISERROR(I95/I94),"",IF(ISBLANK(I95),"",I95/I94)) | J96: =IF(ISERROR(J95/J94),"",IF(ISBLANK(J95),"",J95/J94)) | K96: =IF(ISERROR(K95/K94),"",IF(ISBLANK(K95),"",K95/K94)) | N96: =SUM(E96:I96)/5 -> 0 | O96: =SUM(E96:J96)/6 -> 0 | P96: =SUM(E96:K96)/7 -> 0 | R96: time - | S96: =IF(S95=1,T86,IF(S95=2,T87,IF(S95=6,T91,T88))) -> 0 | T96: 15
R97: text - | S97: =IF(S95=1,U86,IF(S95=2,U87,IF(S95=6,U91,U88))) -> Do not change your Time in Bed
B99: WEEKLY AVERAGES | G99: Goal | H99: 0.85
C100: Average time napping. | D100: =IF(M77<5,"",IF(M77=5,N78,IF(M77=6,O78,P78))) | R100: Calculate new time
C101: Average time did you got into bed. | D101: =IF(M77<5,"",IF(M77=5,N79,IF(M77=6,O79,P79))) | R101: Week2_MATIB | S101: ='Week 2'!E6 -> *Error in calculation
C102: Average time you tried to go to sleep. | D102: =IF(M77<5,"",IF(M77=5,N80,IF(M77=6,O80,P80))) | R102: Week2_BT | S102: ='Week 2'!E7 -> *Error in calculation
C103: Average time it actually took you to fall asleep. | D103: =IF(M77<5,"",IF(M77=5,N81,IF(M77=6,O81,P81)))
C104: Average time of your final awakening. | D104: =IF(M77<5,"",IF(M77=5,N84,IF(M77=6,O84,P84))) | R104: New_MATIB | S104: =IF(S96<0,S101-TIME(0,15,0),S101+TIME(0,S96,0)) -> #VALUE! | T104: =IF(S104<0.229166666666667,0.229166666666667,S104) -> #VALUE!
C105: Average time you got out of bed to start your day. | D105: =IF(M77<5,"",IF(M77=5,N85,IF(M77=6,O85,P85))) | R105: New_BT | S105: =IF(S96<0,S102+TIME(0,15,0),S102-TIME(0,S96,0)) -> #VALUE! | T105: 1 | U105: =S42-T104 -> #VALUE!
C106: Average time sleeping | D106: =IF(M77<5,"",IF(M77=5,N95,IF(M77=6,O95,P95))) | R106: adjust for 330 | S106: =IF(S104<0.229166666666667,U105,S105) -> #VALUE!
C107: Average sleep efficiency | D107: =IF(M77<5,"",IF(M77=5,N96,IF(M77=6,O96,P96))) | R107: adjust2> | S107: =IF((S106)<0,(S106)+T105,(S106)) -> #VALUE!
B110: Week 4
N111: 5-days | O111: 6-days | P111: 7-days
B112: ='Week 4'!C18 -> Sleep Diary Entry for Week 4 | C112: ='Week 4'!D18 -> Sleep Diary Entry for Week 4 | D112: ='Week 4'!E18 -> Sample | E112: ='Week 4'!F18 -> Day 1 | F112: ='Week 4'!G18 -> Day 2 | G112: ='Week 4'!H18 -> Day 3 | H112: ='Week 4'!I18 -> Day 4 | I112: ='Week 4'!J18 -> Day 5 | ... L112: ='Week 4'!M18 -> 0 | R112: Week 4 Adjustment
B113: ='Week 4'!C19 -> 1. | C113: ='Week 4'!D19 -> Date | D113: ='Week 4'!E19 -> 40544 | E113: ='Week 4'!F19 -> 0 | F113: ='Week 4'!G19 -> 0 | G113: ='Week 4'!H19 -> 0 | H113: ='Week 4'!I19 -> 0 | I113: ='Week 4'!J19 -> 0 | ... L113: ='Week 4'!M19 -> 0 | M113: =SUMPRODUCT(--(LEN(E113:K113)>1)) -> 0 | N113: =IF(M113<5,"",IF(D111=5,"Medium",IF(D111="M","Medium","Large"))) | O113: =D136 | R113: =IF('Week 4'!E5="Never",1,IF('Week 4'!E5="Rarely ",2,IF('Week 4'!E5="Sometimes ",3,IF('Week 4'!E5="Frequently ",4,IF('Week 4'!E5="Never",5,IF('Week 4'!E5="Always",5)))))) -> 1
B114: ='Week 4'!C20 -> 2. | C114: ='Week 4'!D20 -> How long did you nap or doze yesterday (in minutes)? | D114: ='Week 4'!E20 -> 30 | E114: ='Week 4'!F20 -> 0 | F114: ='Week 4'!G20 -> 0 | G114: ='Week 4'!H20 -> 0 | H114: ='Week 4'!I20 -> 0 | I114: ='Week 4'!J20 -> 0 | ... L114: ='Week 4'!M20 -> 0 | N114: =SUM(E114:I114)/5 -> 0 | O114: =SUM(E114:J114)/6 -> 0 | P114: =SUM(E114:K114)/7 -> 0 | R114: =IF('Week 4'!E6="Never",1,IF('Week 4'!E6="Rarely ",2,IF('Week 4'!E6="Sometimes ",3,IF('Week 4'!E6="Frequently ",4,IF('Week 4'!E6="Never",5,IF('Week 4'!E6="Always",5)))))) -> 1
...

Sheet examples
B4: Test Data
Q5: 12 AM = 0000 | R5: 12 PM = 1200
C6: Sleep Diary Entry for Week 1 | D6: Sample | E6: Day 1 | F6: Day 2 | G6: Day 3 | H6: Day 4 | I6: Day 5 | J6: Day 6 | K6: Day 7 | Q6: 1 AM = 0100 | R6: 1 PM = 1300
B7: 1. | C7: Date | D7: 40544 | E7: 41689 | F7: 41690 | G7: 41691 | H7: 41692 | I7: 41693 | J7: 41694 | K7: 41696 | Q7: 2 AM = 0200 | R7: 2 PM = 1400
B8: 2. | C8: How long did you nap or doze yesterday (in minutes)? | D8: 30 | E8: 30 | F8: 60 | G8: 40 | H8: 30 | I8: 0 | J8: 0 | K8: 20 | Q8: 3 AM = 0300 | R8: 3 PM = 1500
B9: 3. | C9: What time did you get into bed yesterday? | D9: 0.97916667 | E9: 0.92361111 | F9: 0.95833333 | G9: 0.97222222 | H9: 0.95833333 | I9: 0.91666667 | J9: 0.92361111 | K9: 0.9375 | Q9: 4 AM = 0400 | R9: 4 PM = 1600
B10: 4. | C10: What time did you try to go to sleep? | D10: 0.98958333 | E10: 0.9375 | F10: 0.97222222 | G10: 0.97222222 | H10: 0.97222222 | I10: 0.94444444 | J10: 0.95138889 | K10: 0.94444444 | Q10: 5 AM = 0500 | R10: 5 PM = 1700
B11: 5. | C11: How long did it actually take you to fall asleep (in minutes)? | D11: 30 | E11: 30 | F11: 50 | G11: 90 | H11: 10 | I11: 30 | J11: 20 | K11: 20 | Q11: 6 AM = 0600 | R11: 6 PM = 1800
B12: 6. | C12: How many times did you wake up during the night? | D12: 2 | E12: 3 | F12: 3 | G12: 2 | H12: 0 | I12: 2 | J12: 0 | K12: 2 | Q12: 7 AM = 0700 | R12: 7 PM = 1900
B13: 7. | C13: In total, how long did these awakening last (in minutes)? | D13: 60 | E13: 50 | F13: 90 | G13: 20 | H13: 0 | I13: 50 | J13: 0 | K13: 70 | Q13: 8 AM = 0800 | R13: 8 PM = 2000
B14: 8. | C14: What time was your final awakening? | D14: 0.29166667 | E14: 0.25 | F14: 0.24305556 | G14: 0.25694444 | H14: 0.25 | I14: 0.22916667 | J14: 0.27777778 | K14: 0.27777778 | Q14: 9 AM = 0900 | R14: 9 PM = 2100
B15: 9. | C15: When did you get out of bed to start your day? | D15: 0.33333333 | E15: 0.27083333 | F15: 0.27083333 | G15: 0.26388889 | H15: 0.27083333 | I15: 0.26388889 | J15: 0.29166667 | K15: 0.29166667 | Q15: 10 AM = 1000 | R15: 10 PM = 2200
B16: 10. | C16: How long did you wakeup earlier than desired (in minutes)? | D16: 30 | E16: 30 | F16: 40 | G16: 10 | H16: 30 | I16: 50 | J16: 5 | Q16: 11 AM = 1100 | R16: 11 PM = 2300
B17: 11. | C17: How would you rate the quality of your sleep? | D17: Fair
C22: Sleep Diary Entry for Week 2 | D22: Sample | E22: Day 1 | F22: Day 2 | G22: Day 3 | H22: Day 4 | I22: Day 5 | J22: Day 6 | K22: Day 7
B23: 1. | C23: Date | D23: 40544 | E23: 41383 | F23: 41384 | G23: 41385 | H23: 41386 | I23: 41387 | J23: 41388 | K23: 41389
B24: 2. | C24: How long did you nap or doze yesterday (in minutes)? | D24: 30 | E24: 10 | F24: 20 | G24: 30 | H24: 40 | I24: 50 | J24: 0 | K24: 0
B25: 3. | C25: What time did you get into bed yesterday? | D25: 0.97916667 | E25: 0.92361111 | F25: 0.95833333 | G25: 0.97222222 | H25: 0.95833333 | I25: 0.91666667 | J25: 0.92361111 | K25: 0.9375
B26: 4. | C26: What time did you try to go to sleep? | D26: 0.98958333 | E26: 0.9375 | F26: 0.97222222 | G26: 0.97222222 | H26: 0.97222222 | I26: 0.94444444 | J26: 0.95138889 | K26: 0.94444444
B27: 5. | C27: How long did it actually take you to fall asleep (in minutes)? | D27: 30 | E27: 30 | F27: 50 | G27: 90 | H27: 10 | I27: 30 | J27: 20 | K27: 20
B28: 6. | C28: How many times did you wake up during the night? | D28: 2 | E28: 1 | F28: 2 | G28: 1 | H28: 0 | I28: 2 | J28: 0 | K28: 2
B29: 7. | C29: In total, how long did these awakening last (in minutes)? | D29: 60 | E29: 50 | F29: 90 | G29: 20 | H29: 0 | I29: 50 | J29: 0 | K29: 70
B30: 8. | C30: What time was your final awakening? | D30: 0.29166667 | E30: 0.25 | F30: 0.24305556 | G30: 0.25694444 | H30: 0.25 | I30: 0.22916667 | J30: 0.27777778 | K30: 0.27777778
B31: 9. | C31: When did you get out of bed to start your day? | D31: 0.33333333 | E31: 0.27083333 | F31: 0.27083333 | G31: 0.26388889 | H31: 0.27083333 | I31: 0.26388889 | J31: 0.29166667 | K31: 0.29166667
B32: 10. | C32: How long did you wakeup earlier than desired (in minutes)? | D32: 30 | E32: 30 | F32: 40 | G32: 20 | H32: 30 | I32: 60 | J32: 0 | K32: 0
B33: 11. | C33: How would you rate the quality of your sleep? | D33: Fair
